id,text,misinformation_label,opinion_label,all_caps,exclamation_marks,hedging,adjectives,unk,annotator,exclamation_marks_bin,all_caps_bin,hedging_bin,adjectives_bin,unk_bin,jennifer,nicole,rachelle,shiao-li
0,"No Food, No FEMA: Hurricane Michael’s Survivors Are Furious https://thebea.st/2CIXNoz ",0,0,[],[],[],[],[],Majority Vote,0,0,0,0,0,0,0,0,0
1,"Would-be looter in Hurricane Michael-ravaged Florida shot, killed after trying to steal law enforcement vehicle: report

https://www.foxnews.com/us/would-be-looter-in-hurricane-michael-ravaged-florida-shot-killed-after-trying-to-steal-law-enforcement-vehicle-report …
... All looters need to be handled the same way!",0,1,[],"[['!', 315, 316]]",[],[],[],Majority Vote,1,0,0,0,0,0,0,0,0
2,"His argument is correct. Hurricane Rita killed over 100 people on the road, drowned them in their own cars. pic.twitter.com/kulwIZW2EI",0,1,[],[],[],[],[],Majority Vote,0,0,0,0,0,0,0,0,0
3,im praying for all of my friends down in the Caribbean who have no where else to go and are forced to ride through the hurricane. be strong https://twitter.com/ttrogdon/status/905205124699750401¬†‚Ä¶,0,1,[],[],[],[],[],Majority Vote,0,0,0,0,0,0,0,0,0
4,To all my Texas streamers: PLEASE be safe if the hurricane comes to you! I‚Äôd hate to lose...family...don‚Äôt be a hero. Take shelter. pic.twitter.com/jDPPdMTHwN,0,1,"[['PLEASE', 27, 33]]","[['!', 71, 72]]",[],[],[],Majority Vote,1,1,0,0,0,0,0,0,0
5,RT @Stacy_Spencer: There is a Tornado warning. Service is canceled. Get to shelter and be safe. ¬´ praying for memphis.,0,0,[],[],[],[],[],Majority Vote,0,0,0,0,0,0,0,0,0
6,"WTF? » No food, no FEMA: Hurricane Michael’s survivors are furious - The Daily Beast https://apple.news/APp4E5UMtQT2ULJVMPM0ovw …",0,1,"[['WTF', 0, 3]]",[],[],[],"[['WTF', 0, 3]]",Majority Vote,0,1,0,0,1,0,0,0,0
7,"The aftermath of a hurricane is horrific. The heat/humidity is excruciating, no water/ice, no bathing, complete darkness, bugs, no warm food",0,1,[],[],[],"[['excruciating', 63, 75]]",[],Majority Vote,0,0,0,1,0,0,0,0,0
8,"No food, no FEMA: Hurricane Michael's survivors are furious - The Daily Beast https://apple.news/APp4E5UMtQT2ULJVMPM0ovw …",0,0,[],[],[],[],[],Majority Vote,0,0,0,0,0,0,0,0,0
9,You know they hate you at work when the TV manager picks you to go out with a camera and operate the LIVE DRIVE car in a tornado.,0,1,"[['LIVE', 101, 105], ['DRIVE', 106, 111]]",[],[],[],[],Majority Vote,0,1,0,0,0,0,0,0,0
10,@john19071969 It's unwise to flood the food supply and environment with new plant varieties. Good science requires more prudence.,0,1,[],[],[],[],[],Majority Vote,0,0,0,0,0,0,0,0,0
11,Someone parked their car in the living room because of Hurricane Matthew http://dlvr.it/MPzpS1 ,0,0,[],[],[],[],[],Majority Vote,0,0,0,0,0,0,0,0,0
12,President Trump Gives Permission for US Troops to Stay at Trump Hotel in Washington DC https://t.co/PTHILtJqh3 via @gatewaypundit,1,0,[],[],[],[],[],Majority Vote,0,0,0,0,0,0,0,0,0
13,Motorcyclist bicyclist injured in Denver collision on Broadway: At least two people were taken to a localÛ_ http://t.co/ozK1QHJVfh,0,0,[],[],[],[],[],Majority Vote,0,0,0,0,0,0,0,0,0
14,"“The effect of Hurricane Matthew on Haiti is catastrophic"" -food + water crisis... http://ln.is/GSphX  by #WSJ via @c0nvey",0,1,[],[],[],[],[],Majority Vote,0,0,0,0,0,0,0,0,0
15,"i understand everyone has to make a buck, i would encourage you to think if food delivery during a blizzard is the best choice.",0,1,[],[],"[['understand', 2, 12], ['would', 44, 49], ['think', 67, 72]]",[],[],Majority Vote,0,0,1,0,0,0,0,0,0
16,"Yeah, but it's also unthinkable to tell hurricane refugees to ""have a great time,"" and to brag about the size of the crowd at shelter.",0,1,[],[],[],[],[],Majority Vote,0,0,0,0,0,0,0,0,0
17,Birds in a blizzard. We put out extra sunflower seeds since their usual food sources just got‚Ä¶ https://www.instagram.com/p/BBS2eYWgTbj/¬†,0,0,[],[],[],[],[],Majority Vote,0,0,0,0,0,0,0,0,0
18,http://Findmytowedcar.com¬† for those that have had their cars towed due to the Hurricane in Houston. #hurricaneharvey,0,0,[],[],[],[],[],Majority Vote,0,0,0,0,0,0,0,0,0
19,"At the 'Wet n Wild' water park, where half the rides are shut due to the wind from Hurricane Sandy; on a ride called 'Storm'! Ah, the irony.",0,1,[],"[['!', 124, 125]]",[],[],[],Majority Vote,1,0,0,0,0,0,0,0,0
20,"All honeys that are gonna be affected by hurricane Matthew are welcome to come stay at 1505 W tharpe we have food,water and me",0,0,[],[],[],[],[],Majority Vote,0,0,0,0,0,0,0,0,0
21,Nambe. This stupid hurricane comes and goes I am still here waiting for it to take me car,0,1,[],[],[],[],[],Majority Vote,0,0,0,0,0,0,0,0,0
22,"Drove thru NC last week & experienced my first tornado - went right in front of our vehicle, people on the hwy freaked out more than my kids",0,1,[],[],[],[],[],Majority Vote,0,0,0,0,0,0,0,0,0
23,*eats the medicine @mlp_twilight gives him* whats a solar flare anyways? does the sun explode?!,0,0,[],"[['!', 94, 95]]",[],[],[],Majority Vote,1,0,0,0,0,0,0,0,0
24,"I wonder how many professors would accept my ""hurricane sandy got my car stuck"" excuse Monday.",0,0,[],[],"[['would', 29, 34]]",[],[],Majority Vote,0,0,1,0,0,0,0,0,0
25,"I'm getting used to seeing a layer of ash on my car each morning - and I'm in AB. We've  only seen a red sun this week. The smoke is as far as Sask. 

British Columbia declares state of emergency as over 500 wildfires burn

https://www.theguardian.com/world/2018/aug/16/british-columbia-wildfires-state-of-emergency-declared?CMP=Share_AndroidApp_Tweet¬†‚Ä¶",0,0,[],[],[],[],[],Majority Vote,0,0,0,0,0,0,0,0,0
26,"Cars melt, power down as wildfire turns California town into ‚Äòburning¬†hell‚Äô https://www.siasat.com/news/cars-melt-power-down-wildfire-turns-california-town-burning-hell-1430954/¬†‚Ä¶pic.twitter.com/MEE6HbXWCs",0,0,[],[],[],[],[],Majority Vote,0,0,0,0,0,0,0,0,0
27,@SteveLayman I was able to salvage my Titans Superbowl football from Nashville flood. Lost my house & Car. I need Neil's autograph How Can I,0,0,[],[],[],[],[],Majority Vote,0,0,0,0,0,0,0,0,0
28,Dante Exum's knee injury could stem Jazz's hoped-for surge back to ... http://t.co/8PIFutrB5U,0,1,[],[],"[['could', 25, 30], ['hoped', 43, 48]]",[],[],Majority Vote,0,0,1,0,0,0,0,0,0
29,White House tweet wrongly says #Obamacare led to fewer insurance options https://t.co/oZAwbFNnl5 #ProtectOurCare #DemForce,1,1,[],[],[],[],[],Majority Vote,0,0,0,0,0,0,0,0,0
30,Many states along the Mid-Atlantic and the East Coast have shelters open in response to Hurricane Sandy. Search for an open shelter by...,0,0,[],[],[],[],[],Majority Vote,0,0,0,0,0,0,0,0,0
31,Thank you @CVS_Extra for making non-essential employees go in during a blizzard  I really wanted to try and not crash my car today,0,1,[],[],[],[],[],Majority Vote,0,0,0,0,0,0,0,0,0
32,Proud if Eastwood students organizing collections for Eclectic Shelter to help tornado victims,0,1,[],[],[],[],[],Majority Vote,0,0,0,0,0,0,0,0,0
33,Hurricane Harvey evacuees forced out of storm shelter https://goo.gl/fb/kqrQEm¬†,0,0,[],[],[],[],[],Majority Vote,0,0,0,0,0,0,0,0,0
34,"As Hurricane Dorian Impacts East Coast, Food Lion Invites Customers to Make In-Store http://bit.ly/2MXD1Xn  #green #csr #sustainability",0,0,[],[],[],[],[],Majority Vote,0,0,0,0,0,0,0,0,0
35,Un raggio di sole #AustraliaBurning  Rescued koala brings 'ray of sunshine after nightmare' on fire ground https://t.co/Tf8wk7ikzg di @smh,1,0,[],[],[],[],[],Majority Vote,0,0,0,0,0,0,0,0,0
36,"(1/2) Health DG Datuk Dr Noor Hisham Abdullah Noor on Friday said the government is likely to draft a policy that will make it mandatory for Malaysians to be vaccinated against #Covid19 when a #vaccine is successfully developed.

https://t.co/TEWVSY0mui",1,0,[],[],"[['likely', 84, 90]]",[],[],Majority Vote,0,0,1,0,0,0,0,0,0
37,Rocky Fire http://t.co/wxhMp5ppjq,0,0,[],[],[],[],[],Majority Vote,0,0,0,0,0,0,0,0,0
38,$Johnn4y44 would definitely be grateful if I can recover from the loss of food due to surges and storms causing power outage for two days  from hurricane Dorian here in Florida.,0,1,[],[],"[['can', 45, 48]]","[['grateful', 31, 39]]",[],Majority Vote,0,0,1,1,0,0,0,0,0
39,"In Manatee County, evacuees rush to shelter from Hurricane Matthew http://www.bradenton.com/news/local/article106551847.html …",0,0,[],[],[],[],[],Majority Vote,0,0,0,0,0,0,0,0,0
40,"BF wasn't a floridian, but still. Warrants can be for something as stupid as forgetting a ticket. That will bar you from hurricane shelter?",0,1,[],[],[],[],[],Majority Vote,0,0,0,0,0,0,0,0,0
41,Have you read this awesome book yet?  The Two Trillion Dollar Meltdown  http://t.co/jPA6sajFE3,1,1,[],[],[],[],[],jasmine,0,0,0,0,0,0,0,0,0
42,The U.S. bombed Hiroshima 70 years ago today. A look at how war has changed since: http://t.co/UQnj6nk9y3 http://t.co/QLnnMxzFqK,0,0,[],[],[],[],[],jasmine,0,0,0,0,0,0,0,0,0
43,"Hey all. Currently being evacuated from my work as there is a wildfire basically across the street. We havent made it far from the area due to lots of cars and road closures. 

I'm hoping‚Ä¶ https://www.instagram.com/p/Bp8Dwr-DNKd/?utm_source=ig_twitter_share&igshid=1ke2im06c1e67¬†‚Ä¶",0,0,[],[],"[['basically', 71, 80], ['hoping', 181, 187]]",[],[],jasmine,0,0,1,0,0,0,0,0,0
44,"Tired: hurricane dorian 
Wired: seasonal complimentary car wash",0,1,[],[],[],[],[],jasmine,0,0,0,0,0,0,0,0,0
45,Social Media Claims Pastor Joel Osteen Won't Open Megachurch To Shelter Hurricane Victims http://dld.bz/gcmuK¬†,0,0,[],[],[],[],[],jasmine,0,0,0,0,0,0,0,0,0
46,"As Floridians rush to fuel up cars and generators before Hurricane Dorian, gas stations across the state are running dry | @WFLAVictoria with a closer lookhttp://bit.ly/2NHV5EA ",0,0,[],[],[],[],[],jasmine,0,0,0,0,0,0,0,0,0
47,"JUST IN: Trump on delayed response to Charlottesville: ""I like to wait for the facts"" https://t.co/ikGBl1W3Gw https://t.co/dnYYBqW6ok",1,0,"[['JUST', 0, 4], ['IN', 5, 7]]",[],[],[],[],jasmine,0,1,0,0,0,0,0,0,0
48,Lately I been stressing make me wanna put a fuck nigga on a stretcher!,1,1,[],"[['!', 69, 70]]",[],[],"[['fuck', 44, 48], ['nigga', 49, 54]]",jasmine,1,0,0,0,1,0,0,0,0
49,Why are so many cars and buses stranded on the highway?  Stay off the highway in a blizzard!,0,1,[],"[['!', 91, 92]]",[],[],[],jasmine,1,0,0,0,0,0,0,0,0
50,"I've had THE WORST luck. A broken windshield, dropped my phone in the flood tonight, and lost my car key all in just two days. Awesome.",0,1,"[['THE', 9, 12], ['WORST', 13, 18]]",[],[],[],[],jasmine,0,1,0,0,0,0,0,0,0
51,Shelter & warm clothing especially needed in blizzard areas. Open your hearts.   https://twitter.com/PalestinaSummer/status/689179516879634433¬†‚Ä¶,0,0,[],[],[],[],[],jasmine,0,0,0,0,0,0,0,0,0
52,"Death Toll In California Wildfires Climbs To At Least 31

    As the Camp Fire burns nearby, a scorched car rests by gas pumps on Sunday near Pulga, Calif., a community located... https://news.immitate.com/2018/11/12/death-toll-in-california-wildfires-climbs-to-at-least-31/¬†‚Ä¶",0,0,[],[],[],[],[],jasmine,0,0,0,0,0,0,0,0,0
53,"Famine: extreme scarcity of food.

Grocery store shelves emptied for Hurricane Harvey and Hurricane Irma.

North Korea, Brexit, Syria, etc..",0,0,[],[],[],[],[],jasmine,0,0,0,0,0,0,0,0,0
54,.@FaizaPatelBCJ w/ crucial context for Trump claim that 300 refugees now subjects of counterterrorism investigations https://t.co/KZM6vj2xYr https://t.co/UBzSXWjPTr,1,0,[],[],[],[],[],jasmine,0,0,0,0,0,0,0,0,0
55,@jihettly @esd2000 good morning! Yes I'm in the middle of the blizzard. I have plenty of food so I'm happy! Lol. Stay warm.,0,0,[],"[['!', 31, 32], ['!', 106, 107]]",[],[],[],jasmine,1,0,0,0,0,0,0,0,0
56,Hurricane Sandy & Seamless Food Ordering | The Delivery Bag http://blog.seamless.com/2012/10/hurricane-sandy-seamless-food-ordering/ … via @Seamless,0,0,[],[],[],"[['Seamless', 18, 26]]",[],jasmine,0,0,0,1,0,0,0,0,0
57,When I breathe it sounds like a windstorm. Haha cool,1,1,[],[],[],[],[],jasmine,0,0,0,0,0,0,0,0,0
58,"Due to the poor air quality from the wildfires, our teams' Ride to Conquer Cancer was cut short yesterday. Big shout out to the Ski Cellar for still hosting our team for a BBQ yesterday so they could celebrate their training and fundraising successes together! #therideABpic.twitter.com/76gLiXP37q",0,0,[],"[['!', 259, 260]]","[['could', 194, 199]]",[],[],jasmine,1,0,1,0,0,0,0,0,0
59,Re: Hurricane Matthew: All of the @ASUTennis Student-Athletes are on their way to safety. Thanks to @ASU_Housing for arranging a safe place!,0,0,[],"[['!', 139, 140]]",[],[],[],jasmine,1,0,0,0,0,0,0,0,0
60,So want Sony QX portable lens - will double food pictures flood ;),0,0,[],[],[],[],[],jasmine,0,0,0,0,0,0,0,0,0
61,"I donated to this amazing organization helping the animals during the California wildfires - all I could do was imagine how I‚Äôd feel if something happened to Stella or Zodiac. Then I thought about how much I spend on pet food each week; glad to help someone else‚Äôs pet eat, too! https://twitter.com/MichelleMeach16/status/1062425848886759429¬†‚Ä¶",0,1,[],"[['!', 281, 282]]","[['could', 99, 104], ['imagine', 112, 119], ['feel', 130, 134], ['thought', 185, 192]]","[['amazing', 18, 25]]",[],jasmine,1,0,1,1,0,0,0,0,0
62,Someone parked their car in the living room because of Hurricane Matthew: http://on.mash.to/2dXTaaW ,0,0,[],[],[],[],[],jasmine,0,0,0,0,0,0,0,0,0
63,"No Food, No FEMA: Hurricane Michael’s Survivors Are Furious #SmartNews https://www.thedailybeast.com/no-food-no-fema-hurricane-michaels-survivors-are-furious …",0,0,[],[],[],[],[],jasmine,0,0,0,0,0,0,0,0,0
64,Tesla remotely extends car batteries to help with Hurricane Michael https://ift.tt/2QIDNoL ,0,0,[],[],[],[],[],jasmine,0,0,0,0,0,0,0,0,0
65,I was 1 of the info officers assigned to the shelter from the flood last wk. Evacuees were kind and grateful. Many helped. Amazing folks!,0,1,[],"[['!', 136, 137]]",[],"[['grateful.', 100, 109]]",[],rachelle,1,0,0,1,0,0,0,1,0
66,"NRG Center is now open as a relief shelter for Hurricane Harvey and is expecting up to 10,000 evacuees. There is... http://fb.me/AdYfRirl¬†",0,0,[],[],"[['expecting', 71, 80]]",[],[],rachelle,0,0,1,0,0,0,0,1,0
67,#Cars in the #News- Florida man parks Smart car in kitchen to save it from Hurricane Dorian https://www.autoblog.com/2019/09/05/hurricane-dorian-smart-car-in-kitchen/ …,0,0,[],[],[],[],[],rachelle,0,0,0,0,0,0,0,1,0
68,We're ready for the hurricane and Stephen just left like tf are you doing????,0,1,[],[],[],[],"[['tf', 57, 59]]",rachelle,0,0,0,0,1,0,0,1,0
69,"""Competition is good for the economy, but not good for your business when it comes to competing for hourly employees. Ride sharing services such as Uber are spreading across the US like wildfires and are in need of drivers."" https://blog.workstream.is/4-ways-to-compete-against-uber-for-hourly-workers-in-silicon-valley¬†‚Ä¶",0,1,[],[],[],[],[],rachelle,0,0,0,0,0,0,0,1,0
70,Cyclists attempt to ride their bikes through waist deep water in South Carolina after Hurricane Matthew made... http://fb.me/1d7URf0KE ,0,0,[],[],[],[],[],rachelle,0,0,0,0,0,0,0,1,0
71,Latest: Highland Beach resident plans to ride out Hurricane Matthew https://goo.gl/FDjmii ,0,0,[],[],[],[],[],rachelle,0,0,0,0,0,0,0,1,0
72,China's Stock Market Crash: Are There Gems In The Rubble?: ChinaÛªs stock market crash this summer has sparked ... http://t.co/2OqSGZqlbz,1,0,[],[],[],[],[],rachelle,0,0,0,0,0,0,0,1,0
73,Irony just died a thousand deaths! ???? http://t.co/dBU30ObDxz,1,1,[],"[['!', 33, 34]]",[],[],[],rachelle,1,0,0,0,0,0,0,1,0
74,"Herman Cain, a former CEO and presidential candidate, has died after contracting coronavirus. 

He was 74.
https://t.co/rAZgrjPv56",1,0,[],[],[],[],[],rachelle,0,0,0,0,0,0,0,1,0
75,Hurricane Matthew is now car 3 storm winds up to 125 mph movin very we may go love on Facebook that two days hurricane may hit fl,0,0,[],[],"[['may', 71, 74]]",[],[],rachelle,0,0,1,0,0,0,0,1,0
76,"Batteries, flashlights, cell phone battery pack, gas, cash, medicine, ice, water in the bathtub, bottled water, cooler, canned food and dry goods, pet food, toilet paper, paper plates, beverages of choice, and a book. That’s all I can think of. #Hurricane #Dorian",0,0,[],[],"[['think', 235, 240]]",[],[],rachelle,0,0,1,0,0,0,0,1,0
77,Fuck a hurricane #sandy #food #love #enchiladas #mole #v8 #aguardiente #life #love #awesomeness #greatness # http://instagr.am/p/RY-oDiu5Ye/ ,0,1,[],[],[],"[['awesomeness', 84, 95], ['greatness', 97, 106]]","[['Fuck', 0, 4]]",rachelle,0,0,0,1,1,0,0,1,0
78,‘It Was Like the Taliban Had Come to Town': 'Trump Train' Caravan Targeted Black Communities Across U.S. Ahead of Election https://t.co/t4jaiairI4 https://t.co/gU0hukN7J2,1,1,[],[],[],[],[],rachelle,0,0,0,0,0,0,0,1,0
79,"MT @TravelGov US citizens in #Jamaica: Routine consular services suspended October 3, 4; Shelter in place during Hurricane #Matthew. #hmrd v",0,0,[],[],[],[],[],rachelle,0,0,0,0,0,0,0,1,0
80,"23 Killed, Cars Melt, Power Down as Wildfire Turns California Town Into ‚ÄòBurning¬†Hell‚Äô https://en.dhwanionline.com/23-killed-cars-melt-power-down-as-wildfire-turns-california-town-into-burning-hell/¬†‚Ä¶",0,0,[],[],[],[],[],rachelle,0,0,0,0,0,0,0,1,0
81,Don't Panik! #KelbyTomlinson to the rescue! http://t.co/hujvgsFLUs,1,0,[],[],[],[],[],rachelle,0,0,0,0,0,0,0,1,0
82,Genius idea or not? Patrick Eldridge parked his smart car in his kitchen to protect it from Hurricane Dorian.  https://wtop.com/trending-now/2019/09/florida-man-parks-smart-car-in-kitchen-so-it-wont-blow-away/ …,0,0,[],[],[],[],[],rachelle,0,0,0,0,0,0,0,1,0
83,"Grocery employees in DC region are working their asses off to make sure folks have food/supplies ahead of blizzard. MVPs.

#blizzard2016",0,1,[],[],[],[],[],rachelle,0,0,0,0,0,0,0,1,0
84,"In preparation for Hurricane Dorian, Airbnb's Open Homes Program offers free temporary housing for displaced residents and relief workers. https://trib.al/yr5M08t ",0,0,[],[],[],[],[],rachelle,0,0,0,0,0,0,0,1,0
85,@optich3cz #askH3cz i'm jealous now. Bc i wanted a elgato hd for my bday so i can record videos but i didnt have the money for it.,1,0,[],[],[],[],[],rachelle,0,0,0,0,0,0,0,1,0
86,"@RealJamesWoods
#JimAcosta and #CNN Reporter gets read at the #Hurricane Shelter in #Houston Karma so Sweet #MAGA
http://truepundit.com/video-hurricane-victim-snaps-after-cnn-reporter-terrorizes-woman-and-her-children-at-houston-shelter/¬†‚Ä¶",0,1,[],[],[],[],[],rachelle,0,0,0,0,0,0,0,1,0
87,"Rapidly developing strong tornado over Clanton, AL crossing I-65. Take shelter in Rockford!",0,0,[],[],[],[],[],rachelle,0,0,0,0,0,0,0,1,0
88,Woman trapped in submerged car during floods grateful for last-moment rescue http://bit.ly/1jW014n¬† via @timescall,0,0,[],[],[],[],[],rachelle,0,0,0,0,0,0,0,1,0
89,Yay now I get to ride my bike to school through ass crack of hurricane Matthew. I can hear wind howling from inside my house.,0,1,[],[],[],[],[],rachelle,0,0,0,0,0,0,0,1,0
90,Due to hurricane Matthew the Jacksonville workshop is being postponed due to the venue being used as a shelter. Stay safe Florida!,0,0,[],[],[],[],[],rachelle,0,0,0,0,0,0,0,1,0
91,"Unemployment is a political choice. We can abolish it with a Jobs Guarantee. 
Unemployment is a political choice. We can abolish it with a Jobs Guarantee. 
Unemployment is a political choice. We can abolish it with a Jobs Guarantee. https://t.co/Hk17RMNzgC",1,1,[],[],[],[],[],rachelle,0,0,0,0,0,0,0,1,0
92,Hurricane Harvey Donation Fund For Bellaire Texas Psychiatrist Rachel Angel Long - Rent Food Bills Gas #hurricaneHr‚Ä¶https://www.pscp.tv/w/bHR2_DF4TlFheERKTnlYRWJ8MU1ZeE5YWFhvb3BHd7K4FAn6ZFMZe8FK0vmGV1SIgPfgc-ucAaWSgZMBO21x¬†‚Ä¶,0,0,[],[],[],[],[],rachelle,0,0,0,0,0,0,0,1,0
93,"Video from Pakistan shared to falsely depict Indian police brutality on Kashmiris | @Pooja_Chaudhuri 

https://t.co/YJI8SnvdMi",1,0,[],[],[],[],[],rachelle,0,0,0,0,0,0,0,1,0
94,please tornado dont take my car. i need to get back to cali :/,0,0,[],[],[],[],[],rachelle,0,0,0,0,0,0,0,1,0
95,@colinhoffman29 I hope he does. And I hope you die in the explosion too,0,0,[],[],[],[],[],rachelle,0,0,0,0,0,0,0,1,0
96,"This BBC story informs us that vaccines prevent disease, not infection and onward transmission of the infection to others. Until we have more vaccine data, assume you can be infected and infect others even you have been vaccinated.
https://t.co/1clQwDXFfg",1,1,[],[],[],[],[],rachelle,0,0,0,0,0,0,0,1,0
97,Via http://axsomreport.com¬† Social Media Claims Pastor Joel Osteen Won't Open Megachurch To Shelter Hurricane Vict‚Ä¶ http://ift.tt/2wjDBDs¬†,0,0,[],[],[],[],[],rachelle,0,0,0,0,0,0,0,1,0
98,A striking image released by NASA from the picture-perfect landing of the Mars rover Perseverance shows the car-sized space vehicle being lowered to Martian soil https://t.co/VPK4IuI6ec https://t.co/MmI7qc7hIR,1,1,[],[],[],[],[],rachelle,0,0,0,0,0,0,0,1,0
99,@Lehigh389 @TPEconomy How many Coloradans will need food stamps because of the floods? #Republicansarehypocritesbecause,0,1,[],[],[],[],[],rachelle,0,0,0,0,0,0,0,1,0
100,PRETTY FUNNY STUFF-MAKE SURE TO WATCH TO THE END.,1,1,"[['PRETTY', 0, 6], ['FUNNY', 7, 12], ['STUFF', 13, 18], ['MAKE', 19, 23], ['SURE', 24, 28], ['TO', 29, 31], ['WATCH', 32, 37], ['TO', 38, 40], ['THE', 41, 44], ['END', 45, 48]]",[],"[['SURE', 24, 28]]",[],[],rachelle,0,1,1,0,0,0,0,1,0
101,i jus hope tha tornado does come near here. i wanna sleep && dnt want my car to get damaged,0,0,[],[],"[['hope', 6, 10]]",[],[],jasmine,0,0,1,0,0,0,0,0,0
102,@erincargile news tip. Apparently every rental Car in Austin is booked due to floods. what is that doing to tourism? has this happened b4?,0,0,[],[],"[['Apparently', 24, 34]]",[],[],jasmine,0,0,1,0,0,0,0,0,0
103,Tornado warnings- welcome home Lauren. Take shelter Lexington!!,0,0,[],"[['!!', 61, 63]]",[],[],[],jasmine,1,0,0,0,0,0,0,0,0
104,My neighbor really washing all his cars rn. Does he know there's a hurricane passing through lol,0,1,[],[],[],[],[],jasmine,0,0,0,0,0,0,0,0,0
105,"Here's the latest on Hurricane #Dorian. Please stay safe and seek shelter. 
https://weather.com/storms/hurricane/news/2019-09-05-hurricane-dorian-south-carolina-north-carolina-georgia-virginia …",0,0,[],[],[],[],[],jasmine,0,0,0,0,0,0,0,0,0
106,Philly-area natives ride out Hurricane Matthew in Orlando - http://PhillyVoice.com  http://dlvr.it/MQ1L19 ,0,0,[],[],[],[],[],jasmine,0,0,0,0,0,0,0,0,0
107,Florida man parks Smart car inside kitchen so Hurricane Dorian won’t take it https://trib.al/ptB0r5I ,0,0,[],[],[],[],[],jasmine,0,0,0,0,0,0,0,0,0
108,"CRS teams standing ready to respond to Hurricane #Matthew in #Haiti. Likely assistance to include shelter, relief supplies, water. @CRSnews",0,0,[],[],"[['Likely', 69, 75]]",[],[],jasmine,0,0,1,0,0,0,0,0,0
109,"Great Article @ReneMiamiHerald. Our answer is EVACUATE! 

Should you ride out a hurricane in a high-rise? http://www.miamiherald.com/news/business/real-estate-news/article168905202.html¬†‚Ä¶",0,1,"[['EVACUATE', 46, 54]]","[['!', 54, 55]]","[['Should', 58, 64]]",[],[],jasmine,1,1,1,0,0,0,0,0,0
110,"Brave Car Says Enough Of This Blizzard, Catches Fire http://jalopnik.com/brave-car-says-enough-of-this-blizzard-catches-fire-1754715716?utm_medium=sharefromsite&utm_source=Jalopnik_twitter¬†‚Ä¶",0,1,[],[],[],[],[],jasmine,0,0,0,0,0,0,0,0,0
111,"This morning, I stood under the hatch of my rental car and talked about Hurricane Matthew on Facebook Live. https://www.facebook.com/nytvideo/videos/1764092390474942/ …",0,0,[],[],[],[],[],jasmine,0,0,0,0,0,0,0,0,0
112,"No food, no FEMA: Hurricane Michael’s survivors are furious - The Daily Beast https://apple.news/APp4E5UMtQT2ULJVMPM0ovw …",0,0,[],[],[],[],[],jasmine,0,0,0,0,0,0,0,0,0
113,Photo Falsely Claims Obama Served Food To Hurricane Harvey Victims http://www.westernjournalism.com/photo-falsely-claims-obama-served-food-hurricane-harvey-victims/?utm_source=Twitter&utm_medium=PostTopSharingButtons&utm_content=2017-08-29&utm_campaign=websitesharingbuttons¬†‚Ä¶,0,1,[],[],[],[],[],rachelle,0,0,0,0,0,0,0,1,0
114,Mr. T stopped wearing gold chains in 2005 because he thought it would be an insult to the people who lost everything after Hurricane Katrina,1,1,[],[],[],[],[],rachelle,0,0,0,0,0,0,0,1,0
115,Pep nt takin this hurricane seriously bt most of my stuff is packed and my dogs things are packed so I can throw them in the car and go!,0,1,[],"[['!', 135, 136]]",[],[],[],rachelle,1,0,0,0,0,0,0,1,0
116,Guantanamo base to 'shelter in place' for Hurricane Irma http://a.msn.com/01/en-us/AArm8cL?ocid=st¬†‚Ä¶,0,0,[],[],[],[],[],rachelle,0,0,0,0,0,0,0,1,0
117,Nearly had a heart attack just now; loud bang against window next to meÛ_turns out it was two birds flying into the glass.,0,0,[],[],[],[],[],rachelle,0,0,0,0,0,0,0,1,0
118,Angry Norwegian Cruise Line passengers said they had to sit in buses for hours without food or water after Hurricane Dorian forced their ship to change its final destination https://www.businessinsider.com/norwegian-cruise-line-passengers-say-no-food-water-for-hours-2019-9?utm_source=twitter&utm_medium=referral&utm_content=topbar&utm_term=mobile&referrer=twitter … via @businessinsider,0,0,[],[],[],[],[],rachelle,0,0,0,0,0,0,0,1,0
119,"From city-wide quarantines to infections aboard cruise ships to the cancellation of major international events, the global public health emergency caused by the coronavirus has been unfolding rapidly and dramatically. 

Here's how the outbreak has evolved. https://t.co/Dg76bBdYP5",1,0,[],[],[],[],[],rachelle,0,0,0,0,0,0,0,1,0
120,Got stuck in flood.. Car trouble with @yosheei #bromomentpic.twitter.com/jkWaSSQxz0,0,0,[],[],[],[],[],rachelle,0,0,0,0,0,0,0,1,0
121,"Freshman: I wish Hurricane Dorian would come our way.

Me, a senior: we had Harvey two years ago.

Fish: but no school

Me: we flooded for days, fell behind school, housing was destroyed, people had their boats out to scout what remained, but yeah no school.

I hate Freshman.",0,1,[],[],"[['would', 34, 39]]",[],[],jasmine,0,0,1,0,0,0,0,0,0
122,Florida stork finds shelter from Hurricane Matthew in bathroom: A big bird told us the best way to stay safe ... http://nydn.us/2dy5JLP ,0,0,[],[],[],[],[],jasmine,0,0,0,0,0,0,0,0,0
123," I know what I m doing. I m prepared to wear the consequences of the conflict but my family s innocent. During an exclusive interview, Wikileaks founder Julian Assange gets emotional while telling Sean Hannity about the effect his virtual imprisonment has had on his family, especially his children. I know what I m doing, but my family is innocent they didn t sign up for that fight. ",1,1,[],[],[],[],[],jasmine,0,0,0,0,0,0,0,0,0
124,"Just a reminder for anyone who wants to come to our Grand Re-Opening event after recovering from the October wildfires, it's tomorrow night from 4-7pm. Local food, local wine, and live music by The Awesome Hotcakes! See details below. :) pic.twitter.com/95fxSNcs1U",0,0,[],"[['!', 214, 215]]",[],[],[],jasmine,1,0,0,0,0,0,0,0,0
125,"Oh dear!!!!!!! Lizzard in Blizzard! Hahahahaha!
I hope the sign didn't cause any car accident.
#2016snowstormhttps://twitter.com/amnewyork/status/691009251125399552¬†‚Ä¶",0,0,[],"[['!!!!!!!', 7, 14], ['!', 34, 35], ['!', 46, 47]]","[['hope', 50, 54]]",[],[],jasmine,1,0,1,0,0,0,0,0,0
126,The Latest: More homes razed by Northern California wildfire: The latest on wildfires burning in California andÛ_ http://t.co/0Keh2TReNy,0,0,[],[],[],[],[],jasmine,0,0,0,0,0,0,0,0,0
128,Violent Storm Causes Damage Flooding in Watertown - http://t.co/3ZASZ6wxjJ,0,0,[],[],[],[],[],jasmine,0,0,0,0,0,0,0,0,0
129,Pro-Russia party wins Latvia election https://t.co/FrsB9c9pdo,1,0,[],[],[],[],[],jasmine,0,0,0,0,0,0,0,0,0
130,"Fake-Poll Alert: Proof Biden Is Not Winning

By ⁦@WayneRoot⁩ 

By the way, Biden and vice presidential nominee Kamala Harris had an event in Arizona on Thursday. Eight people showed up.

Via ⁦@townhallcom⁩  https://t.co/0w7pqkNj0o",1,0,[],[],[],[],[],jasmine,0,0,0,0,0,0,0,0,0
131,"As you know that Covid 19 has spread in India, our immune system must be strong to defeat it. I have some #TipsToBoostImmunity. 
Such as do Meditation regularly,
Take protein rich foods, 
Take food full of Vitamin C.
Can anyone tell me some more tips ?

https://t.co/3kYCiFGaId",1,1,[],[],"[['Can', 217, 220]]",[],[],jasmine,0,0,1,0,0,0,0,0,0
132,Florida Sheriff‚Äôs Warning: We‚Äôll jail any fugitives who seek shelter from Hurricane Irma http://wp.me/p5MgeL-1HDG¬†,0,0,[],[],[],[],[],jasmine,0,0,0,0,0,0,0,0,0
133,"Team Trump’s efforts to spin Mulvaney’s quid pro quo confession are failing.
Mick Mulvaney and Mike Pompeo were tasked w/ spinning, but they’re tanking. The American people are fed up with Trump admin corruption, conspiracies, &amp; lies to cover the tracks. https://t.co/FUmEGQm3kX",1,1,[],[],[],[],[],rachelle,0,0,0,0,0,0,0,1,0
134,Today is Corii Siren's birthday! Spoil her now: http://t.co/l3GizRUCy4 #wishlist http://t.co/HgEDwxTDJN,1,0,[],[],[],[],[],rachelle,0,0,0,0,0,0,0,1,0
135,.@exxonmobil just announced that it will invest $50 billion in the U.S. over the next 5 years. What does that mean for Americans? #jobsjobsjobs https://t.co/KOOOpu9Ton,0,1,[],[],[],[],[],rachelle,0,0,0,0,0,0,0,1,0
136,Proud of my boss @TerronJernigan and 2 team members @IHXRex and @IhxBrownie for heading to the Panama City area to provide charging resources water/food and additonal wireless options for those affected by Hurricane Michael!   #givingpays #ihxhttps://twitter.com/IHXRex/status/1050770676825632769 …,0,1,[],[],[],[],[],rachelle,0,0,0,0,0,0,0,1,0
137,Motor'n | Half Million Cars Lost In Hurricane Harvey http://fb.me/1deJDqzwI¬†,0,0,[],[],[],[],[],rachelle,0,0,0,0,0,0,0,1,0
138,More than a crush ???????????? WCE @nykaeD_ ?????????? http://t.co/mkJO8x2dKo,1,0,[],[],[],[],[],rachelle,0,0,0,0,0,0,0,1,0
139,#Cars in the #News- Jeep goes way offroad in the churning surf of Hurricane Dorian https://www.autoblog.com/2019/09/05/jeep-on-beach-south-carolina-hurricane-dorian/ …,0,0,[],[],[],[],[],rachelle,0,0,0,0,0,0,0,1,0
140,Ferrari Gives Crazy Deal To Lawyer Who Ditched His Car In A Flood http://fb.me/MWOObrFy¬†,0,1,[],[],[],[],[],rachelle,0,0,0,0,0,0,0,1,0
141,Trying to get back on track after long junk food filled blizzard weekend .. pic.twitter.com/lYTKfOmx3D,0,0,[],[],[],[],[],jasmine,0,0,0,0,0,0,0,0,0
142,BREAKING: Authorities respond to Ocean fire http://t.co/h31Knuwzz5,0,0,"[['BREAKING', 0, 8]]",[],[],[],[],jasmine,0,1,0,0,0,0,0,0,0
143,Dr. Besser's 3 Tips to Ride Hurricane Sandy Out Safely http://abcn.ws/RfpiU3 ,0,0,[],[],[],[],[],jasmine,0,0,0,0,0,0,0,0,0
144,"Wildfires produce more co2 than all the vehicles in the country. Plus, every acre of forest offsets the emissions of about 3 cars, so the impact of every burned acre lasts for many years.",0,1,[],[],[],[],[],jasmine,0,0,0,0,0,0,0,0,0
145,Everyone's preparing for this hurricane and I'm getting my car inspected bc ya girl procrastinated and it's nearing the next month lol,0,1,[],[],[],[],[],jasmine,0,0,0,0,0,0,0,0,0
146,‘Pulwama Attack BJP Conspiracy  Like Godhra’: Ex-Guj CM  Vaghela https://t.co/rjcYDWZmP2,1,1,[],[],[],[],[],jasmine,0,0,0,0,0,0,0,0,0
147,RT @THEmeaghan: Could the wind ever be strong enough to flip parked cars? < yea it's called a tornado.,0,0,[],[],"[['Could', 16, 21]]",[],[],jasmine,0,0,1,0,0,0,0,0,0
148,Dr. Besser's 3 Tips to Ride Hurricane Sandy Out Safely - ABC News (blog) http://goo.gl/fb/M05wG ,0,0,[],[],[],[],[],jasmine,0,0,0,0,0,0,0,0,0
149,VIDEO: Insane ride through raging #flood waters in a Longmont Fire Truck ¬´ CBS Denver http://cbsloc.al/19QGKsj¬† #cowx H/T @WilliamMScherer,0,1,"[['VIDEO', 0, 5]]",[],[],"[['raging', 27, 33]]",[],jasmine,0,1,0,1,0,0,0,0,0
150,"Floods are so bad cars were stranded in them, my little min still managed to power on with water up to the lights! pic.twitter.com/xP0TtLAsMt",0,1,[],"[['!', 113, 114]]",[],[],[],jasmine,1,0,0,0,0,0,0,0,0
151,"Researchers have turned to protein synthesis, genetics and hybrid viruses to develop a #coronavirus vaccine.

It is likely a mix of these approaches will be used to fight the virus.

Explainer by a professor. https://t.co/PfZBzEVNYR",1,1,[],[],"[['likely', 116, 122]]",[],[],jasmine,0,0,1,0,0,0,0,0,0
152," Norovirus outbreak confirmed at California wildfire shelter #Today #News #Sports #Entertainment #Politics
http://tinyurl.com/y7r6fspf¬†",0,0,[],[],[],[],[],jasmine,0,0,0,0,0,0,0,0,0
153,Instead of posting pics of police cars why doesn’t our potus do something helpful like sending help for these areas destroyed by Hurricane Michael. https://twitter.com/NPR/status/1050786928717484032 …,0,1,[],[],[],"[['helpful', 74, 81]]",[],rachelle,0,0,0,1,0,0,0,1,0
154,A man helped my brother and me get home to our sick parents when our car got stuck in Blizzard of 96.  Every winter I help somebody shovel.,0,0,[],[],[],[],[],rachelle,0,0,0,0,0,0,0,1,0
155,"#Police fire tear gas to disperse the crowd attacking a house in  #Bumburat. #Kalash
Read:  https://t.co/p0RmgtE6Y9 https://t.co/z9PJdPzy2D",1,0,[],[],[],[],[],rachelle,0,0,0,0,0,0,0,1,0
156,Dear food lion fuckers: give me a hard time today and you will be under the blizzard,0,1,[],[],[],[],"[['fuckers', 15, 22]]",rachelle,0,0,0,0,1,0,0,1,0
157,getting hit by Hurricane Matthew,0,0,[],[],[],[],[],rachelle,0,0,0,0,0,0,0,1,0
158,"Breaking: Iran launched a series of missile attacks aimed at U.S. bases in Iraq, Iranian state television reported Tuesday. 
https://t.co/BoYA017R6x",1,0,[],[],[],[],[],rachelle,0,0,0,0,0,0,0,1,0
159,Blizzard 2016 Update: MTA Shutting Down Buses and Access-a-Ride by Noon Today http://www.welcome2thebronx.com/wordpress/2016/01/23/blizzard-2016-update-mta-shutting-down-buses-and-access-a-ride-by-noon-today/¬†‚Ä¶,0,0,[],[],[],[],[],rachelle,0,0,0,0,0,0,0,1,0
161,Honest to god I thought this said 'food' : 99 flood warnings and 23 severe flood warnings in place in England,0,0,[],[],"[['thought', 16, 23]]",[],[],jennifer,0,0,1,0,0,1,0,0,0
162,"Video of Pastor speaking about Hurricane Dorian's wrath of Abaco Island, Bahamas.  Heartbreaking 
If you had food, water, clothing & shelter today w/o giving it much thought...just know you are blessed! Praying for those in the islands of The Bahamas

https://youtu.be/j26m9Rd9RrY ",0,1,[],"[['!', 201, 202]]",[],"[['Heartbreaking', 83, 96]]",[],jennifer,1,0,0,1,0,1,0,0,0
163,"""Airbnb offering free housing to Hurricane Dorian evacuees and relief workers"" Please share with your networks. https://www.miamiherald.com/news/weather/hurricane/article234632627.html …",0,0,[],[],[],[],[],jennifer,0,0,0,0,0,1,0,0,0
164,Marlboro County animal shelter preparing for possible impact from Hurricane Dorian - http://wpde.com  - https://www.bruning.com/news/2019/08/marlboro-county-animal-shelter-preparing-for-possible-impact-from-hurricane-dorian-wpde-com/ …,0,0,[],[],[],[],[],jennifer,0,0,0,0,0,1,0,0,0
165,"@harry_styles trapped in shelter for hurricane sandy, thank god we still have power bc 'little things' is really calming us down #thanks",0,0,[],[],[],[],[],jennifer,0,0,0,0,0,1,0,0,0
166,Powerlines down over tram on GC Highway. Passengers have just been evacuated @9NewsBrisbane @9NewsGoldCoast http://t.co/KD3Qsakbi5,0,0,[],[],[],[],[],jennifer,0,0,0,0,0,1,0,0,0
167,Basing it on the reporting that went on during Hurricane Katrina.  They labeled minorities as looters & whites were merely looking for food,0,1,[],[],[],[],[],jennifer,0,0,0,0,0,1,0,0,0
168,Hurricane Matthew ride! #calmbeforethestorm #nohurricanecanstopme #smilebeforethestormarrives… https://www.instagram.com/p/BLOPndIg4HT/ ,0,1,[],"[['!', 22, 23]]",[],[],[],jennifer,1,0,0,0,0,1,0,0,0
169,Paul Rudd Emile Hirsch David Gordon Green 'Prince Avalanche' Q&amp;A | Filmmakers at Google http://t.co/e4QonKzndZ  #entretenimento #Video,1,0,[],[],[],[],[],jennifer,0,0,0,0,0,1,0,0,0
170,"Freeport: Bahamians have rescued victims of Hurricane Dorian with jet skis and a bulldozer as the US Coast Guard, Britain's Royal Navy and a handful of aid groups tried to get food and medicine to survivors and take the most desperate people to safety.... http://bit.ly/2k0vL01 ",0,0,[],[],[],[],[],jennifer,0,0,0,0,0,1,0,0,0
171,how do u react when you are within several hundred feet of a massive and destructive tornado protected by only your car,0,0,[],[],[],[],[],jennifer,0,0,0,0,0,1,0,0,0
172,you never predicted it cus you've not been personally affected.I lost my car in the tax day flood and knew a hurricane was dangerous,0,1,[],[],[],[],[],jennifer,0,0,0,0,0,1,0,0,0
173,Hurricane Dorian kills 220 dogs and 50 cats in flooding at a Bahamas animal shelter.  http://bit.ly/2ZNNfj2 ,0,0,[],[],[],[],[],jennifer,0,0,0,0,0,1,0,0,0
174,God damn it!!! I electrocuted myself ??,1,0,[],"[['!!!', 11, 14]]",[],[],"[['damn', 4, 8]]",jennifer,1,0,0,0,1,1,0,0,0
175,"The “Free Palestine” protest against Israel in London descended into violence on Saturday, with activists attacking police officers with wooden sticks. https://t.co/DctS2BVGv6",1,0,[],[],[],[],[],jennifer,0,0,0,0,0,1,0,0,0
176,"If you haven t seen Dinesh D Souza s  HILLARY S AMERICA  yet, it is a MUST see! Watch here, as Dinesh explains why his historically correct movie casts the truth on the Democrats racist roots, discusses his time in prison and much more  THE SOUND STARTS AT THE 1:00 MARK WHEN D SOUZA BEGINS TO SPEAK: ",1,1,"[['HILLARY', 38, 45], [' ', 47, 48], ['AMERICA', 48, 55], ['S', 46, 47], ['MUST', 70, 74], ['THE', 237, 240], ['SOUND', 241, 246], ['STARTS', 247, 253], ['AT', 254, 256], ['THE', 257, 260], ['MARK', 266, 270], ['WHEN', 271, 275], ['SOUZA', 278, 283], ['BEGINS', 284, 290], ['SPEAK', 294, 299], ['TO', 291, 293], ['D', 276, 277]]","[['!', 78, 79]]",[],[],[],jennifer,1,1,0,0,0,1,0,0,0
177,Choking Hazard Prompts Recall Of Kraft Cheese Singles http://t.co/nJLqRqcnL9,0,0,[],[],[],[],[],jennifer,0,0,0,0,0,1,0,0,0
178,@Chic71Smith that's good news. I should have waited for that train. The bus went through that flood. No cars made it lol.,0,1,[],[],"[['should', 33, 39]]",[],[],jennifer,0,0,1,0,0,1,0,0,0
179,"She's like "" I have everything BUT food ready for the blizzard""",0,0,"[['BUT', 31, 34]]",[],[],[],[],jennifer,0,1,0,0,0,1,0,0,0
180,Just bought another @meinlcymbals 18' medium crash!! Hey @meinlcymbals what about an endorsement! Starting to get expensive!,1,1,[],"[['!!', 50, 52], ['!', 96, 97], ['!', 123, 124]]",[],[],[],jennifer,1,0,0,0,0,1,0,0,0
181,aunt marge you're blown up eheks,1,1,[],[],[],[],[],jennifer,0,0,0,0,0,1,0,0,0
182,This is my survival food for Hurricane Sandy. This could last me a few days....talk ab @ Ronmeister House http://instagr.am/p/RYmeu-R8Vg/ ,0,1,[],[],[],[],[],jennifer,0,0,0,0,0,1,0,0,0
183,"Humane Society of Grand Bahama needs assistance with rescue / evacuations of personal and animals. There are 6 people in the shelter!! Is anyone able to help!?
Location: Coral Road, Freeport

#Freeport #GrandBahama #Bahamas #AnimalRescue #HurricaneDorian #Hurricane #Dorian",0,0,[],"[['!!', 132, 134]]",[],[],[],jennifer,1,0,0,0,0,1,0,0,0
184,Plains All American Pipeline company may have spilled 40% more crude oil than previously estimated #KSBYNews @lilitan http://t.co/PegibIqk2w,0,0,[],[],"[['may', 37, 40], ['estimated', 89, 98]]",[],[],jennifer,0,0,1,0,0,1,0,0,0
185,Rly tragedy in MP: Some live to recount horror: ÛÏWhen I saw coaches of my train plunging into water I called ... http://t.co/0Xh758OnUP,0,1,[],[],[],[],[],jennifer,0,0,0,0,0,1,0,0,0
186,Lmao somewhere along the drainage at work there‚Äôs a clogged pipe. Wash a car & the shop starts to flood.,0,0,[],[],[],[],"[['Lmao', 0, 4]]",jennifer,0,0,0,0,1,1,0,0,0
187,@ahhtheenikki And from what I can tell- they responded to today's gunman quickly and were able to evacuate all the ppl so no one was shot.,0,1,[],[],"[['can', 30, 33]]",[],[],jennifer,0,0,1,0,0,1,0,0,0
188,"The NHC is advising that Abaco Island residents take immediate shelter, as this is a life-threatening situation.

Hurricane Dorian is moving with 175 mph sustained winds and gusts over 200 mph.

MORE: http://bit.ly/2LgIWDC https://twitter.com/NHC_Atlantic/status/1168156364687855621 …",0,0,[],[],[],"[['life-threatening', 85, 101], ['threatening', 90, 101]]",[],jennifer,0,0,0,1,0,1,0,0,0
189,"@Cameron_WATE
 Parents of Colorado theater shooting victim fear copycat massacre

http://t.co/LvlH3W3aWO
#Antioch

http://t.co/vIwXY1XDYK",0,0,[],[],[],"[['shooting', 43, 51]]",[],jennifer,0,0,0,1,0,1,0,0,0
190,"Hurricane Matthew Wreaks Havoc On Haiti: Over 800 Feared Dead: Thousands are without food, shelter and… http://m.tbnn.it/MQ3Jcl ",0,0,[],[],[],[],[],jennifer,0,0,0,0,0,1,0,0,0
193,"No Food, No FEMA: Hurricane Michael’s Survivors Are Furious
Miles and miles of Florida are obliterated, and residents have been left to fend for themselves with little help from the government. Where are you.",0,1,[],[],[],[],[],jennifer,0,0,0,0,0,1,0,0,0
194,@SpenceBailey1 flood buddy. thanks :). We still gonna play champions and eat unhealthy food one evening?,0,0,[],[],[],[],[],jennifer,0,0,0,0,0,1,0,0,0
195,Commissioner Garcia: Hurricane Matthew could affect DSNY's ability to export waste to SC. Extra rail cars being sent north to prepare.,0,1,[],[],"[['could', 39, 44]]",[],[],jennifer,0,0,1,0,0,1,0,0,0
196,Florida man parks Smart car in kitchen over fear Hurricane Dorian would blow it away https://nbcnews.to/2zQ30az ,0,0,[],[],[],[],[],jennifer,0,0,0,0,0,1,0,0,0
197,The other night a tornado took part of my brothers roof off and put it through the back window of his car. That's too close for comfort.,0,1,[],[],"[['part', 31, 35]]",[],[],jennifer,0,0,1,0,0,1,0,0,0
198,U.S. coronavirus vaccination drive heads to nursing homes https://t.co/0kajmVmVbd,1,0,[],[],[],[],[],jennifer,0,0,0,0,0,1,0,0,0
199,Storm blitzes Traverse City disrupts Management Briefing Seminars: A violent summer storm blitzed through Tra... http://t.co/NKAW9EZqGg,0,0,[],[],[],[],[],jennifer,0,0,0,0,0,1,0,0,0
200,"Hurricane Michael hits Florida, some families decide to ride out storm https://www.good4utah.com/news/local-news/hurricane-michael-hits-florida-some-families-decide-to-ride-out-storm/1514260679 … @abc4utah",0,0,[],[],[],[],[],jennifer,0,0,0,0,0,1,0,0,0
201,Suncoast SPCA in Pasco County suffered major flood damage from water main break. Lost pet food. http://www.myfoxtampabay.com/story/23428028/2013/09/13/suncoast-spca¬†‚Ä¶,0,0,[],[],[],[],[],jennifer,0,0,0,0,0,1,0,0,0
202,"We hope everyone stays safe through hurricane Irma this weekend! Get supplies, and seek shelter ",0,0,[],"[['!', 63, 64]]","[['hope', 3, 7]]",[],[],jennifer,1,0,1,0,0,1,0,0,0
203,People in the Carolina's facing hurricane Dorian hurry up and strap windmills to your cars and get out. Might as well add a few solar panels to your hood and trunk. https://twitter.com/JulianCastro/status/1169360323033337857 …,0,1,[],[],"[['Might', 104, 109]]",[],[],jennifer,0,0,1,0,0,1,0,0,0
204,".@GOPLeader Kevin McCarthy claimed California's #wildfires 'produce more #emissions than all of our cars.' Is that true? 
We checked the #facts: http://bit.ly/2wpYJJt¬† @PolitiFact @CapRadioNewspic.twitter.com/rxiPwOF0hj",0,0,[],[],[],[],[],jennifer,0,0,0,0,0,1,0,0,0
205,"Snugs, k bumps,and dabs on me ill even cook you food during the hurricane. Feed you grapes and water lol FWM",0,0,"[['FWM', 105, 108]]",[],[],[],"[['FWM', 105, 108]]",jennifer,0,1,0,0,1,1,0,0,0
206,"If you try to ride out #hurricane #Matthew ""just because,"" I won't attend your funeral or say nice things about you. FU",0,1,"[['FU', 117, 119]]",[],[],[],"[['FU', 117, 119]]",jennifer,0,1,0,0,1,1,0,0,0
207,"First my house floods, then my car gets broken into. I guess I saved up all my luck for the perfect wedding and now I've run out.",0,1,[],[],"[['guess', 55, 60]]",[],[],jennifer,0,0,1,0,0,1,0,0,0
208,"Lady Gaga Volunteers at Wildfire Shelter After Fleeing Home, Gives Powerful Speech to Survivors https://www.yahoo.com/entertainment/lady-gaga-volunteers-wildfire-shelter-193540746.html?.tsrc=fauxdal¬†‚Ä¶",0,0,[],[],[],"[['Powerful', 67, 75]]",[],jennifer,0,0,0,1,0,1,0,0,0
209,"OMG! Gas prices affected by the hurricane!! Up 3 cents last night, 5 cents more before tomorrow!!!... oh wait, I ride a bike... nevermind...",0,0,"[['OMG', 0, 3]]","[['!', 3, 4], ['!!', 41, 43], ['!!!', 95, 98]]",[],[],[],jennifer,1,1,0,0,0,1,0,0,0
210,"Pro-Abortion Democrat Lawmaker Rashida Tlaib caught on video in profane tirade against President Trump

“We’re Going to Go in and Impeach the MOTHER F-----!”

If Trump had done this the media would have come unglued. #maga #kag https://t.co/H7px0azYAx",1,1,[],[],"[['would', 192, 197]]",[],[],jennifer,0,0,1,0,0,1,0,0,0
211,West Nyack Pineview Road railroad crossing off Western Highway. Units on scene of a CSX Train vs. truck no injuries.,0,0,[],[],[],[],[],jennifer,0,0,0,0,0,1,0,0,0
212,Fear and panic in the air I want to be free from desolation and despair!,1,0,[],"[['!', 71, 72]]",[],[],[],jennifer,1,0,0,0,0,1,0,0,0
213,Social media helps out as Hurricane Sandy approaches: WASHINGTON: Locating the nearest emergency shelter or chat... http://bit.ly/XIy5DC ,0,0,[],[],[],[],[],jennifer,0,0,0,0,0,1,0,0,0
214,I bet you everyone is SA feels dumb for buying all that food and water thinking that hurricane was really gonna come over here,0,1,[],[],"[['feels', 25, 30], ['thinking', 71, 79]]",[],[],jennifer,0,0,1,0,0,1,0,0,0
215,How unqualified and out of touch is he? I m wondering if Brian Williams would ve been better off fired rather than join this cast of characters. ,1,1,[],[],"[['would', 72, 77]]",[],[],jennifer,0,0,1,0,0,1,0,0,0
216,City Residents standing along roadside at Matka Chowk in Chandigarh in Support of Farmers protest against three Farm Laws @iepunjab @IndianExpress https://t.co/jnxyNL0kzU,1,0,[],[],[],[],[],jennifer,0,0,0,0,0,1,0,0,0
217,The Next Financial Crash. 'The Writing is on the Wall'. Don't Say 'You Weren't Warned' http://t.co/H7lDx29aba,1,1,[],[],[],[],[],jennifer,0,0,0,0,0,1,0,0,0
218,"It is interesting to see what people buy when stocking up for blizzard...lots of junk food and instant cocoa, pop tarts",0,1,[],[],[],"[['interesting', 6, 17]]",[],jennifer,0,0,0,1,0,1,0,0,0
219,Hahahaha get in your tornado shelter @ DaDivaEM,0,0,[],[],[],[],[],jennifer,0,0,0,0,0,1,0,0,0
220,"Thanks to all the family, friends, and fraternity brothers for checking in on us. The Martins are going to ride out Hurricane Michael in Tallahassee. Send prayers and good vibes to the Gulf Coast!",0,0,[],"[['!', 195, 196]]",[],[],[],jennifer,1,0,0,0,0,1,0,0,0
221,"If you have the Sirius/XM app or the antenna on your vehicle, subscribers and non-subscribers can listen  to the Weather Channel’s coverage of Hurricane Michael on ch 145. #HurricaneMichael",0,0,[],[],"[['can', 94, 97]]",[],[],jennifer,0,0,1,0,0,1,0,0,0
222,Lady Gaga shares important #mentalhealth message with California wildfire evacuees. She encouraged those staying in the shelter to talk to each other about what they‚Äôve experienced. #ThursdayThoughts http://bit.ly/2DppemY¬†,0,0,[],[],[],[],[],jennifer,0,0,0,0,0,1,0,0,0
223,"Trump telling Houstonians in a hurricane shelter that he ""absolutely could have fucked"" Pam Anderson is when he truly became President",0,1,[],[],"[['could', 69, 74]]",[],"[['fucked', 80, 86]]",jennifer,0,0,1,0,1,1,0,0,0
224,"#As Hurricane Dorian cleaned up house tops, broken walls, Survivors describe, waves crashing through their home.The Bahamas' death toll is rising as 70,000 residents left homeless by Hurricane Dorian seek food and shelter

https://www.cnn.com/2019/09/07/us/hurricane-dorian-bahamas-saturday-wxc/index.html …",0,0,[],[],[],[],[],jennifer,0,0,0,0,0,1,0,0,0
225,So all the store's fire alarms went off today at work and we had to evacuate. I was like 'OMG!! I.S.I.S. ITS HAPPENING!!!!',0,0,"[['OMG', 90, 93], ['I.S.I.S', 96, 103], ['ITS', 105, 108], ['HAPPENING', 109, 118]]","[['!!', 93, 95], ['!!!!', 118, 122]]",[],[],[],jennifer,1,1,0,0,0,1,0,0,0
226,"Viral Fake Alert: This video is viral again, @boomlive_in had previously debunked it first in December 2018.
https://t.co/UNlzG1ffA9",1,0,[],[],[],[],[],jennifer,0,0,0,0,0,1,0,0,0
227,Wild Horses of North Carolina's Outer Banks Will Ride Out Hurricane Dorian 'Butts to the Wind' - http://PEOPLE.com  https://people.com/pets/outer-banks-wild-horses-ride-out-hurricane-dorian/ … via @GoogleNews,0,0,[],[],[],[],"[['Butts', 76, 81]]",jennifer,0,0,0,0,1,1,0,0,0
228,Everyones talking about hurricane sandy and when it got close to puerto rico it was like......... *shrugs * let's go get food lol,0,1,[],[],[],[],[],jennifer,0,0,0,0,0,1,0,0,0
229,RT @Motor_Depot: Sad day today...we started waving goodbye to almost 800 cars damaged in the Flood. pic.twitter.com/8w1dPn5KC5,0,0,[],[],[],[],[],jennifer,0,0,0,0,0,1,0,0,0
230,Spending the whole weekend at my boos house during the hurricane and eating up all his food ,0,0,[],[],[],[],[],jennifer,0,0,0,0,0,1,0,0,0
231,Scientists identify six different types of Covid-19 with differing symptoms https://t.co/PTQlVkKVgY,0,0,[],[],[],[],[],jennifer,0,0,0,0,0,1,0,0,0
233,"I drove in this flood. Nothing like a warm house, good food, and people I love to come home to. ÓÅñ",0,1,[],[],[],[],[],jennifer,0,0,0,0,0,1,0,0,0
234,"Brutal blizzard Jonas bites: 8,300 flights axed; Cars stranded for hours in Kentucky; More than a fo ... http://tinyurl.com/grk8tvz¬†",0,0,[],[],[],[],[],jennifer,0,0,0,0,0,1,0,0,0
235,Poor ocean health threatens food security and increases flood risk: Business Green - an... http://dlvr.it/4897rq¬† #foodsecurity,0,1,[],[],[],[],[],jennifer,0,0,0,0,0,1,0,0,0
236,"Donnie Wahlberg’s message for Vanilla Ice, who vows to ‘ride out’ Hurricane Matthew http://bit.ly/2dPIUQz ",0,0,[],[],[],[],[],jennifer,0,0,0,0,0,1,0,0,0
237,Drivers form human chain to save elderly man trapped in car by Hurricane Harvey floodwaters by Mike Wright via News http://ift.tt/2vHVURO¬†,0,0,[],[],[],[],[],jennifer,0,0,0,0,0,1,0,0,0
238,Texas Seeks Comment on Rules for Changes to Windstorm Insurer http://t.co/BP6MfJHARS,1,0,[],[],[],[],[],jennifer,0,0,0,0,0,1,0,0,0
239,"#CCOT #TCOT #radiation Nuclear Emergency Tracking Center
http://t.co/KF74o2mcsC
https://t.co/N2ZHrChCGV",1,0,[],[],[],[],[],jennifer,0,0,0,0,0,1,0,0,0
240,Georgia College volleyball player dies after crashing her car into a tree while trying to evacuate from Savannah ahead of Hurricane Dorian https://trib.al/Q2w4cK6 ,0,0,[],[],[],[],[],jennifer,0,0,0,0,0,1,0,0,0
241,It's alil twister at Tha end to! I was like oh nah ??,0,1,[],"[['!', 31, 32]]",[],[],[],jennifer,1,0,0,0,0,1,0,0,0
242,@TheSmallClark 'He'll kill me instead if he survived the shot. I don't exactly know. I fled the scene and pulled the trigger with---,0,1,[],[],[],[],[],jennifer,0,0,0,0,0,1,0,0,0
243,@eyewitnessnyc  mayor is reducing/closing hurricane sandy shelter locations down to 15. Does channel 7 know the 15 locations?,0,0,[],[],[],[],[],jennifer,0,0,0,0,0,1,0,0,0
244,"Bald eagle rescued from car grill: In the aftermath of Hurricane Matthew's path through Florida, it may have ... http://cnn.it/2dWy5fD ",0,0,[],[],"[['may', 100, 103]]",[],[],jennifer,0,0,1,0,0,1,0,0,0
245,I'm sorry but I have zero sympathy for people who chose to stay and ride out Hurricane Harvey.,0,1,[],[],[],[],[],jennifer,0,0,0,0,0,1,0,0,0
246,"""Police had brutally thrashed the 5-6 men. They broke someone’s hand, someone’s leg. My hand and leg are also broken. There are 8-10 stitches on my head. I am unable to speak. Policemen were saying do you want azaadi?"" said one of the victim.
https://t.co/Y5710JWsqk",1,0,[],[],[],[],[],jennifer,0,0,0,0,0,1,0,0,0
247,"...Like ""A blizzard is coming!"" ""Okay! I'm going to get my eyebrows done and wash my car.""",0,0,[],"[['!', 29, 30], ['!', 37, 38]]",[],[],[],jennifer,1,0,0,0,0,1,0,0,0
248,Has Hurricane Sandy affected you? What kind of foods do you think are essential to stock up on for a storm?,0,0,[],[],"[['think', 60, 65]]",[],[],jennifer,0,0,1,0,0,1,0,0,0
249,"North Carolina - Tornado clean up with care?  Food destroyed, rubble may contain toxins. http://fb.me/115q5EXKp",0,0,[],[],[],[],[],jennifer,0,0,0,0,0,1,0,0,0
250,"Trump still diverting attention frm his gross inactions: 
1. #Flint #WaterCrisis FOUR Years+!
2. #PuertoRico no or low, power- food- medical- housing
3. California #Wildfires 
amongst so many other issues- ie: #Tariffs rising International Trade Disasters & Instigating #Racismhttps://twitter.com/nora_kelly/status/1029364267492040705¬†‚Ä¶",0,1,[],"[['!', 92, 93]]",[],[],[],jennifer,1,0,0,0,0,1,0,0,0
251,"#Protest visuals from #Bhubaneswar, where different organisations are holding rallies against #CAA_NRC #Odisha @IndiaAheadNews https://t.co/7pGpd9PyLX",1,0,[],[],[],[],[],jennifer,0,0,0,0,0,1,0,0,0
252,Drivers form human chain to save elderly man trapped in car by Hurricane Harvey floodwaters http://www.telegraph.co.uk/news/2017/08/31/drivers-form-human-chain-save-elderly-man-trapped-car-hurricane/¬†‚Ä¶,0,0,[],[],[],[],[],jennifer,0,0,0,0,0,1,0,0,0
253,This video brilliantly dispels every one of Hillary s false claims and throws them right back in her face Absolutely brilliant!,1,1,[],"[['!', 126, 127]]",[],[],[],jennifer,1,0,0,0,0,1,0,0,0
254,"**just received this alert on my phone** Nassau EOC Dorian Update
Nassau residents are advised to stay off of roadways.  Hurricane Dorian is generating dangerous winds and unsafe conditions outdoors.  Shelter in place until further notice.",0,0,[],[],[],[],[],jennifer,0,0,0,0,0,1,0,0,0
255,"In private speeches, Clinton claims terrorism, Russia, “not a threat” to America  https://t.co/WOv2H2qoVj https://t.co/5KlI1awuYZ",1,0,[],[],[],[],[],jennifer,0,0,0,0,0,1,0,0,0
256,“@ride_thisface: Where the fuck is hurricane sandy bitch come now”NOOO ! ,0,0,"[['NOOO', 66, 70]]","[['!', 71, 72]]",[],[],"[['fuck', 27, 31]]",jennifer,1,1,0,0,1,1,0,0,0
257,"Netflix, Sex Aur Data: Bizarre Tweets Promote BJPs CAA Helpline
#indiaDoesNotSuppotCAA https://t.co/BUzz719xrc",1,1,[],[],[],[],[],jennifer,0,0,0,0,0,1,0,0,0
258,"A Hurricane Worse Than Harvey Hit Texas, Before Americans Drove Cars http://freebeacon.com/issues/hurricane-worse-harvey-hit-texas-americans-drove-cars/¬†‚Ä¶",0,1,[],[],[],[],[],jennifer,0,0,0,0,0,1,0,0,0
259,"RT SkyNews ""This footage shows residents fleeing their homes and navigating the #Californiafires with flames surrounding their cars. 

Read more on the deadliest wildfire in history here: http://po.st/JSDsq7¬† pic.twitter.com/owtZCGePXN""",0,0,[],[],[],"[['surrounding', 109, 120]]",[],jennifer,0,0,0,1,0,1,0,0,0
260,"""If we don't reverse the current trends in a huge way, then extreme drought, floods, wildfires, food shortages for millions of people across the globe will be the norm for everybody. Well, except,... https://www.facebook.com/story.php?story_fbid=10215202557995766&id=1187738324¬†‚Ä¶",0,1,[],[],[],[],[],jennifer,0,0,0,0,0,1,0,0,0
261,Shark boy and lava girl for the third time today. I guess this is what having kids feelings like. ??????,1,1,[],[],"[['guess', 52, 57], ['feelings', 83, 91]]",[],[],jennifer,0,0,1,0,0,1,0,0,0
262,"""Get me out of here!""

This driver in California had to navigate his car through wildfires in low visibility.

More on the #CaliforniaFires here: http://po.st/ZCVIp2¬† pic.twitter.com/bkq9zbUWfM",0,0,[],"[['!', 19, 20]]",[],[],[],jennifer,1,0,0,0,0,1,0,0,0
263,"#RT @MiamiHerald: Wild horses on NC islands were able to ride out Hurricane Dorian, rescue groups say https://hrld.us/34sO40l ",0,0,[],[],[],[],[],jennifer,0,0,0,0,0,1,0,0,0
264,What's Wrong With This Picture Of Obama Serving Food During The Hurricane (Photo) http://www.opposingviews.com/i/social/picture-reportedly-showing-obama-serving-food-after-hurricane-harvey-actually-2015¬†‚Ä¶ via @opposingviews,0,0,[],[],[],[],[],jennifer,0,0,0,0,0,1,0,0,0
265,"@madisenbeaty Any messages for us in the path of the blizzard? U know u want to join us in NYC, right? Snow, few cars & people, it's pretty!",0,1,[],"[['!', 139, 140]]",[],[],[],jennifer,1,0,0,0,0,1,0,0,0
266,Claims of there being more votes cast than registered voters in Wisconsin appear to have a simple explanation https://t.co/eqUQDIrsGd,1,0,[],[],"[['appear', 74, 80]]",[],[],jennifer,0,0,1,0,0,1,0,0,0
267,Norovirus outbreak confirmed at #wildfires shelter. Porters wearing masks and gloves mopping floors with bleach. ¬†#janitor,0,0,[],[],[],[],[],jennifer,0,0,0,0,0,1,0,0,0
268,Seriously nervous that my car is gonna flood #DumpedCarProbz,0,0,[],[],[],[],[],jennifer,0,0,0,0,0,1,0,0,0
269,Austin Pets Alive is the evacuation center for shelter pets in the path of Hurricane Harvey! Pls donate $ &... http://fb.me/6yb4Mg6Y0¬†,0,0,[],"[['!', 91, 92]]",[],[],[],jennifer,1,0,0,0,0,1,0,0,0
270,"WATCH:  First-hand look at the devastation in Bahamas from Hurricane Dorian Up to 10,000 people in Abaco are in need of food, water and shelter as rescue teams search for surviv",0,0,[],[],[],[],[],jennifer,0,0,0,0,0,1,0,0,0
271,"The Bahamas' death toll is rising as 70,000 residents left homeless by Hurricane Dorian seek food and shelter
https://www.cnn.com/2019/09/07/us/hurricane-dorian-bahamas-saturday-wxc/index.html …",0,0,[],[],[],"[['homeless', 59, 67]]",[],jennifer,0,0,0,1,0,1,0,0,0
272,He got into a taxi because he wanted a ride out of the area of the hurricane.  Did you think he could call Uber? :-) https://twitter.com/Breaking911/status/901568841221844993¬†‚Ä¶,0,0,[],[],"[['think', 87, 92], ['could', 96, 101]]",[],[],jennifer,0,0,1,0,0,1,0,0,0
273,"After Hurricane Dorian, Celebrity cruise ship in Bahamas reroutes to deliver food, aid https://www.nbcnews.com/news/world/after-hurricane-dorian-celebrity-cruise-ship-bahamas-reroutes-deliver-food-n1050796 …",0,0,[],[],[],[],[],jennifer,0,0,0,0,0,1,0,0,0
274,Dave Grohl delivers food to first responders fighting California wildfires. via /r/UpliftingNews http://bit.ly/2B4xEOZ¬†pic.twitter.com/JJjCTjMYyi,0,0,[],[],[],[],[],jennifer,0,0,0,0,0,1,0,0,0
275,"#tornado - 4 SE STONEWALL, #LA -- HWY 5 WEST OF 175..TREES DOWN AND NUMEROUS POWER LINES DOWNED. 1 TREE FELL ON A VEHICLE (SHV)",0,0,"[['HWY', 34, 37], ['WEST', 40, 44], ['OF', 45, 47], ['TREES', 53, 58], ['DOWN', 59, 63], ['AND', 64, 67], ['NUMEROUS', 68, 76], ['SE', 13, 15], ['STONEWALL', 16, 25], ['POWER', 77, 82], ['LINES', 83, 88], ['DOWNED', 89, 95], ['TREE', 99, 103], ['FELL', 104, 108], ['ON', 109, 111], ['VEHICLE', 114, 121], ['A', 112, 113], ['SHV', 123, 126]]",[],[],[],[],jennifer,0,1,0,0,0,1,0,0,0
276,"No, Priyanka Gandhi is not wearing a cross; 2017 rally picture photoshopped 
Why @BJP4India &amp; @narendramodi IT Cell Team spreading the #FakeNews on Social Media?

https://t.co/8vDdMgbGAd via @AltNews",1,1,[],[],[],[],[],jennifer,0,0,0,0,0,1,0,0,0
277,"Flying back to STL just learned a tornado hit the airport. Glad friends r ok, car may be in ruins :-/",0,0,[],[],"[['may', 82, 85]]",[],[],jennifer,0,0,1,0,0,1,0,0,0
278,UPDATE: hurricane Matthew barley hit and i already ate all the food,0,0,[],[],[],[],[],jennifer,0,0,0,0,0,1,0,0,0
279,Let her go - Passenger,1,0,[],[],[],[],[],jennifer,0,0,0,0,0,1,0,0,0
280,Tesla remotely extends car batteries to help with Hurricane Michael via /r/technology https://ift.tt/2CBkI4V ,0,0,[],[],[],[],[],jennifer,0,0,0,0,0,1,0,0,0
281,After surviving hurricane Matthew it's too bad that Alamo car rental couldn't hold my reservation for 2 hrs. #Alamosucks,0,1,[],[],"[[""couldn't"", 69, 77]]",[],[],jennifer,0,0,1,0,0,1,0,0,0
282,"I love this project!! As we prepare for the blizzard, make sure you have plenty of your pup's foods and meds on... http://fb.me/NZxsTvfC¬†",0,1,[],"[['!!', 19, 21]]","[['sure', 59, 63]]",[],[],jennifer,1,0,1,0,0,1,0,0,0
283,who wants to make my dreams come tru and buy me an inflatable Millenium Falcon to ride out hurricanes on when Climate Change gets real bad,0,0,[],[],[],[],[],jennifer,0,0,0,0,0,1,0,0,0
284,#MailOnline BREAKING NEWS: 25 people rescued from cars trapped in flood water in Dorset: Dorset Fire Control s... http://dailym.ai/1lcnFVJ¬†,0,0,[],[],[],[],[],jennifer,0,0,0,0,0,1,0,0,0
285,HSUS transports shelter animals in advance of Hurricane Matthew http://goo.gl/iurjT5 ,0,0,[],[],[],[],[],jennifer,0,0,0,0,0,1,0,0,0
286,"You can't watch 'Home Alone 2' without telling your kids 
'she used to be on Casualty'. 
#Homealone2 #film4",1,1,[],[],[],[],[],jennifer,0,0,0,0,0,1,0,0,0
288,"BREAKING NEWS: 

Nancy Pelosi Caught Once Again Trying to Include Abortion Funding in Coronavirus Bill 

https://t.co/rGVkya8ybj",1,1,[],[],[],[],[],jennifer,0,0,0,0,0,1,0,0,0
289,Central Mass. fruit trees escape heavy damage after wind hail http://t.co/VbFfodtP6M,0,0,[],[],[],[],[],jennifer,0,0,0,0,0,1,0,0,0
290,"RT @TweetWorcester: Blizzard of '78 Party Fri Feb 5 5-8pm @WorcesterCommon Oval. Live music, food trucks & skating! pic.twitter.com/hWZ4IPi6TY",0,0,[],"[['!', 114, 115]]",[],[],[],jennifer,1,0,0,0,0,1,0,0,0
291,"Streep s shameful attempt to paint Trump as a heartless human being to Golden Globe Award viewers can be found near the middle of this clip:At tonight's #GoldenGlobes we honor Hollywood legend Meryl Streep with the prestigious Cecil B. Demille Award. pic.twitter.com/dxpeCDNXY6  Golden Globe Awards (@goldenglobes) January 9, 2017Now watch the video that proves Meryl Streep was fabricating (acting) her story out without real evidence that Donald Trump  mocked a disabled reporter:",1,1,[],[],"[['can', 98, 101]]","[['shameful', 9, 17], ['heartless', 46, 55]]",[],jennifer,0,0,1,1,0,1,0,0,0
292,Evacuation orders fall flat as some choose to 'ride out' Hurricane Matthew http://dlvr.it/MPjrtQ  #econ #mises #keynes,0,1,[],[],[],[],[],jennifer,0,0,0,0,0,1,0,0,0
293,My dad is really going to wash his car like there ain't a hurricane about to hit,0,0,[],[],[],[],[],jennifer,0,0,0,0,0,1,0,0,0
294,"No food, no #FEMA: Hurricane Michael’s survivors are furious -Nearly all homes, businesses, stores, banks, schools are severely damaged or destroyed, skeletal remains with blown out windows or crushed facades. To residents, it is unrecognizable. #Trumphttps://apple.news/APp4E5UMtQT2ULJVMPM0ovw …",0,0,[],[],[],[],[],jennifer,0,0,0,0,0,1,0,0,0
295,"It's directly in the Lucid Hurricane videos, you can hear it and you can see the car sped up after the pole hit the bumper + cracked bumper.",0,0,[],[],"[['can', 49, 52], ['can', 69, 72]]",[],[],jennifer,0,0,1,0,0,1,0,0,0
296,Car engulfed in flames backs up traffic at ParleyÛªs Summit http://t.co/RmucfjCaZr,0,0,[],[],[],[],[],jennifer,0,0,0,0,0,1,0,0,0
297,@Twindian i would much rather wake up to the smell of food than a tornado.,0,1,[],[],"[['would', 13, 18], ['rather', 24, 30]]",[],[],jennifer,0,0,1,0,0,1,0,0,0
298,"Nice!/ After Hurricane Dorian, Celebrity cruise ship in Bahamas reroutes to deliver food, aid https://www.nbcnews.com/news/world/after-hurricane-dorian-celebrity-cruise-ship-bahamas-reroutes-deliver-food-n1050796?cid=eml_nbn_20190907 … https://www.nbcnews.com/news/world/after-hurricane-dorian-celebrity-cruise-ship-bahamas-reroutes-deliver-food-n1050796 …",0,1,[],"[['!', 4, 5]]",[],[],[],jennifer,1,0,0,0,0,1,0,0,0
299,No se? I spent my money on this damn hurricane and left all the food and water in Corpus & had to give what I had left to my parents to buy,0,0,[],[],[],[],[],jennifer,0,0,0,0,0,1,0,0,0
300,"Florida dealers brace as Hurricane Dorian approaches: Earl Stewart, whose Earl Stewart Toyota is but 1,000 yards from the Atlantic Intracoastal Waterway, reflected the experience of a state where it’s more common to see a… http://www.automotivetestdrivers.com/florida-dealers-brace-hurricane-dorian-approaches/?utm_source=dlvr.it&utm_medium=twitter … #Cars #Autos #Automotive",0,0,[],[],[],[],[],jennifer,0,0,0,0,0,1,0,0,0
301,"A new study proposes COVID19 may have jumped from animal to humans long before the 1st detection in Wuhan, echoing growing scientific evidence that suggests the origin of the virus may not have been in China

(this is my Chinese propaganda for the day 🇨🇳)

https://t.co/6h2fVhy7Ep",1,1,[],[],"[['may', 29, 32], ['may', 181, 184]]","[['growing', 115, 122]]",[],jennifer,0,0,1,1,0,1,0,0,0
302,RT @cbs11news: MABANK: Confirmed tornado in the city. Please take shelter. #txwx,0,0,[],[],[],[],[],jennifer,0,0,0,0,0,1,0,0,0
303,"‘Last Night Was Just Hell’: Father Describes Death of Girl, 11, During Hurricane Michael - https://www.nytimes.com/2018/10/11/us/hurricane-michael-girl-dead.html … Terrible that a kid has to die due to the insane arrogance of the adults who sit & ride out a hurricane but there are lots more just like them! #rt #WTF",0,1,[],"[['!', 306, 307]]",[],"[['Terrible', 164, 172]]",[],jennifer,1,0,0,1,0,1,0,0,0
304,Florida seeks shelter for 400 animals as Hurricane Dorian gets closer https://cnn.it/2zH7YpW ,0,0,[],[],[],[],[],jennifer,0,0,0,0,0,1,0,0,0
305,"***LANGUAGE WARNING***I admittedly (and intentionally) haven t seen too many Ben Affleck movies, but watching this rabid defender of Islam, Ben Affleck go off the rails over the  deflate gate  controversy left me wondering about this belligerent Hollywood leftist. Does Affleck typically slur his 4-letter words while appearing to be cross-eyed during interviews?Here is Affleck defending Islam in an over the top response to leftist Bill Maher s comments:",1,1,"[['LANGUAGE', 3, 11], ['WARNING', 12, 19]]",[],"[['appearing', 318, 327]]",[],[],jennifer,0,1,1,0,0,1,0,0,0
306,"A total of 44 people have been killed in California's devastating wildfire as authorities continue to find bodies in burnt-out cars and homes. 

https://planetradio.co.uk/metro/sky/world/california-wildfire-deaths-rise-to-44-as-more-bodies-are-found-in-cars-and-homes/¬†‚Ä¶",0,1,[],[],[],[],[],jennifer,0,0,0,0,0,1,0,0,0
307,"#CaliforniaWildfires White House on Sunday morning declared that a major disaster exists in California, a move that makes it easier for residents, businesses, cities and counties to gain access to federal money, food aid and other programs #wildfires #wildfire #fire #California",0,0,[],[],[],[],[],jennifer,0,0,0,0,0,1,0,0,0
308,"You can lose everything , be deported, get turned away from shelter & get washed away in a dangerous hurricane. My heart  https://twitter.com/polkcosheriff/status/905438093527928834¬†‚Ä¶",0,1,[],[],"[['can', 4, 7]]",[],[],jennifer,0,0,1,0,0,1,0,0,0
309,Don't blame him! Florida stork finds shelter from Hurricane Matthew in bathroom http://nydn.us/2dKCypz ,0,1,[],"[['!', 15, 16]]",[],[],[],jennifer,1,0,0,0,0,1,0,0,0
310,"A massive storm surge in the Bahamas killed about 220 dogs and 50 cats in an animal shelter during Hurricane Dorian, according to staffers at the shelter https://cnn.it/2UIQqDu ",0,0,[],[],[],[],[],jennifer,0,0,0,0,0,1,0,0,0
311,Ow i love this #tattoo so much! Haha #relate #food :3 (sorry for the flood of pics) #bored @ home‚Ä¶ http://instagram.com/p/fSvudnFA-V/¬†,0,1,[],"[['!', 30, 31]]",[],[],[],jennifer,1,0,0,0,0,1,0,0,0
312,"Due to Hurricane Harvey, our Mobile Food Pantry distributions & volunteer shifts for tomorrow have been canceled. Stay tuned for updates. pic.twitter.com/9jZJGxtgQm",0,0,[],[],[],[],[],jennifer,0,0,0,0,0,1,0,0,0
313,"RT @wsfa12news East coast digging out from huge blizzard. Storm blamed for 30 deaths, mainly car accidents and heart attacks while‚Ä¶",0,0,[],[],[],[],[],jennifer,0,0,0,0,0,1,0,0,0
314,"An image of @AUThackeray, Cabinet Minister of Tourism &amp; Environment, Maharashtra, sitting in the driver's seat of a car with a woman next to him is viral with a false claim that it shows Thackeray sitting with #RheaChakraborty. @MumbaiPolice @DishPatani

https://t.co/YGsKE1Glyq",1,0,[],[],[],[],[],jennifer,0,0,0,0,0,1,0,0,0
315,"$40000.00 from wildfire account for a helicopter ride to play golf with Mike Pence! SOB hasn‚Äôt to go. How much will it take?
#VoteBlue2020 #racistGOP #Impeach45https://twitter.com/CREWcrew/status/1066715665782972416¬†‚Ä¶",0,1,"[['SOB', 84, 87]]",[],[],[],"[['SOB', 84, 87]]",jennifer,0,1,0,0,1,1,0,0,0
316,We are currently all sick with food poisoning! Ripped through us all like wildfire. Tonight is night 2 here and we still haven‚Äôt seen anything yet. Hopefully tomorrow will be a better day! ‚Äî at Sick bed genoa https://www.facebook.com/524504921/posts/10157695233904922/¬†‚Ä¶,0,1,[],"[['!', 189, 190]]","[['Hopefully', 150, 159]]",[],[],jennifer,1,0,1,0,0,1,0,0,0
317,"Trying to decide if I'm evil enough to make someone deliver me food on a bike, in NYC, during a blizzard",0,1,[],[],"[['decide', 10, 16]]",[],[],jennifer,0,0,1,0,0,1,0,0,0
318,"ICYMI: Why the new coronavirus variant is such a worry -- a clear look at the alarmingly simple math behind the prospect of exponential growth in transmission. via @zeynep

https://t.co/JdwtG9IH9V https://t.co/jPequ77k0T",1,1,[],[],[],[],[],jennifer,0,0,0,0,0,1,0,0,0
319,@ChrisDanielShow Nearly-Fatal Pee in San Francisco http://t.co/1tvlFrhm1m,1,0,[],[],[],[],[],jennifer,0,0,0,0,0,1,0,0,0
320,How low is your I.Q because why else would ya think the hawk will seek refuge in your car due to a hurricane ya twat... https://twitter.com/nbcnews/status/901548735381065728¬†‚Ä¶,0,1,[],[],"[['would', 37, 42], ['think', 46, 51]]",[],"[['twat', 112, 116]]",jennifer,0,0,1,0,1,1,0,0,0
321,Here's everything you need to know about the #InsurrectionAct https://t.co/BbfljFN3RO,1,1,[],[],[],[],[],jennifer,0,0,0,0,0,1,0,0,0
322,Taking shelter in Chesterfield Mall from tornado. Love the Midwest.  Go get em @reedtimmerTVN,0,1,[],[],[],[],[],jennifer,0,0,0,0,0,1,0,0,0
323,Investigators say a fatal Virgin Galactic spaceship crash last year was caused by structural failure after the coÛ_,0,0,[],[],[],[],[],jennifer,0,0,0,0,0,1,0,0,0
324,"An old satirical article claiming thousands of genetically modified mosquitoes inoculated with Viagra have potentially escaped from a Wuhan lab was revived amid COVID. The story was believed to be true by many. #AltNewsFactCheck | @ArchitMeta 
https://t.co/8ojFgIqbgp",1,0,[],[],[],[],[],jennifer,0,0,0,0,0,1,0,0,0
325,"Wildfires, tornado warnings, golfsize hail, a 52 car pileup outside of dallas, a whole town evacuated because of fire, prayers to all in tx.",0,0,[],[],[],[],[],jennifer,0,0,0,0,0,1,0,0,0
326,NC man shot and killed Good Samaritan trying to help him with stalled car in blizzard: cops http://www.rawstory.com/2016/01/nc-man-accused-of-executing-good-samaritan-trying-to-help-him-with-stalled-car-in-blizzard/#.VqQPZWDwsfU.twitter¬†‚Ä¶,0,0,[],[],[],[],[],jennifer,0,0,0,0,0,1,0,0,0
327,Stop by Academy Sports on HWY150 & donate non-perishable food items as we help our neighbors suffering from the devastating Tornado 6am-10pm,0,1,[],[],[],[],[],jennifer,0,0,0,0,0,1,0,0,0
328,"No food, no FEMA: Hurricane Michael's survivors are furious - The Daily Beast #FEMA #ClimateChange https://apple.news/APp4E5UMtQT2ULJVMPM0ovw …",0,0,[],[],[],[],[],jennifer,0,0,0,0,0,1,0,0,0
329,Hurricane Harvey: rescuers reach people trapped on vehicle roof as waters rise by Telegraph Video via News http://ift.tt/2wGR0rT¬†,0,0,[],[],[],[],[],jennifer,0,0,0,0,0,1,0,0,0
330,@JaydenNotJared I can't help it. Hope you're ok. Text me if you need to talk. Sending hugs your way. PS no bleeding to death allowed,1,0,[],[],"[['Hope', 33, 37]]",[],[],jennifer,0,0,1,0,0,1,0,0,0
331,"So far I've survived a blizzard, flood, hurricane 3, eclipse, car accident, earthquake, a cruise,flying & most of all the real world for now",0,0,[],[],[],[],[],jennifer,0,0,0,0,0,1,0,0,0
332,"California Wildfires Kill at Least 5 Trapped in Cars as They Fled by THOMAS FULLER, MATTHEW HAAG and JENNIFER¬†MEDINA https://global9janews.wordpress.com/2018/11/09/california-wildfires-kill-at-least-5-trapped-in-cars-as-they-fled-by-thomas-fuller-matthew-haag-and-jennifer-medina/¬†‚Ä¶pic.twitter.com/ldHeGvhjC6",0,0,[],[],[],[],[],jennifer,0,0,0,0,0,1,0,0,0
333,Found my car this morning covered in ash. San Francisco Bay area is again enveloped in smog from the nearby wildfire. On photo: the absence of the city on the horizon and postapocalyptic noon sun. When this season of fires will finally be over?? Please send us rain #CampFirepic.twitter.com/RINXlY5fO3,0,0,[],[],[],[],[],jennifer,0,0,0,0,0,1,0,0,0
335,"There's some good floods out there this morning - Marlpit Lane, Coulsdon, holds the record for killing the most cars we've seen so far.",0,1,[],[],[],[],[],jennifer,0,0,0,0,0,1,0,0,0
336,"This is so not on my mind when I'm heading to a hurricane shelter. 

Never allow small children to go into a public toilet alone.
 
The End.",0,1,[],[],[],[],[],jennifer,0,0,0,0,0,1,0,0,0
337,"Hurricane Matthew: Family rescued from car rooftop: A family is rescued after being stranded on top of their car,… http://bit.ly/2dPh5M7 ",0,0,[],[],[],[],[],jennifer,0,0,0,0,0,1,0,0,0
338,"SIMPLE MATH:
If Trump won 74M votes, then that leaves only 67.5M votes remaining for Biden.
This means 13 MILLION DUPLICATE or made-up ballots were CREATED &amp; COUNTED for Biden!

QUESTION: do you think this gives merit to a serious federal investigation?🤔
 https://t.co/X2VEyMNliL",1,1,"[['SIMPLE', 0, 6], ['MATH', 7, 11], ['QUESTION', 182, 190], ['MILLION', 106, 113], ['DUPLICATE', 114, 123], ['CREATED', 148, 155], ['COUNTED', 162, 169]]","[['!', 179, 180]]",[],[],[],jennifer,1,1,0,0,0,1,0,0,0
339,3 November Moth (agg) was all i could find under flood lights.watched two little owls for a while in my coffee break flying around car park.,0,0,[],[],"[['could', 32, 37]]",[],[],jennifer,0,0,1,0,0,1,0,0,0
340,Shout out to @averycorrine for saving no telling how much money in the flood today with people's cars #softside,0,1,[],[],[],[],[],jennifer,0,0,0,0,0,1,0,0,0
341,"As he promised, President Joe Biden spent the first day of his term walking back Donald Trump’s legacy and establishing a new order through a flurry of executive actions. He signed 17 in total, more than half of which reversed a Trump-era policy. 

https://t.co/6UhsIEpmaE",0,0,[],[],[],[],[],jennifer,0,0,0,0,0,1,0,0,0
342,A look inside a busy Houston #hurricane shelter http://ow.ly/9SW330eSHDj¬†,0,0,[],[],[],[],[],jennifer,0,0,0,0,0,1,0,0,0
343,Topix: Tornado shuts down St Louis' airport: ...  tossed cars and knocked out power. 1 of 1 US - A shuttle bus h... http://bit.ly/fMYxJ6,0,0,[],[],[],[],[],jennifer,0,0,0,0,0,1,0,0,0
344,"Airbnb offers free housing to Hurricane Dorian evacuees, relief workers https://www.wtxl.com/news/local-news/airbnb-offers-free-housing-to-hurricane-dorian-evacuees-relief-workers …",0,0,[],[],[],[],[],jennifer,0,0,0,0,0,1,0,0,0
345,".@glennkirschner2  Trump just criticized Gov. Cuomo because he didn’t buy ventilators in 2015! He then says, “Gov. Cuomo is supposed to be buying his own ventilators.” Donald Trump is the antithesis of a leader. And a danger to all Americans. https://t.co/5tsXy2prWr",1,1,[],[],"[['supposed', 124, 132]]",[],[],jennifer,0,0,1,0,0,1,0,0,0
346,@pullTHE_GUNSout damn!I think i can top that. a few years ago my dad was this close to being sucked up in a tornado. his Car got some,0,1,[],"[['!', 22, 23]]",[],[],"[['damn', 18, 22]]",jennifer,1,0,0,0,1,1,0,0,0
347,If you know people still on the coast attempting to ride out the storm--- make a call. Hurricane Matthew is... http://fb.me/38BlXAyJW ,0,0,[],[],[],[],[],jennifer,0,0,0,0,0,1,0,0,0
348,Shelter pets rescued following Hurricane Harvey step closer to new homes https://www.yahoo.com/news/m/b18dab20-e8cc-3824-906a-3f4179dd1a61/ss_shelter-pets-rescued.html?soc_src=social-sh&soc_trk=tw¬†‚Ä¶ via @YahooNews,0,0,[],[],[],[],[],jennifer,0,0,0,0,0,1,0,0,0
349,Looter? Story behind viral photo of dog carrying bag of food after Hurricane Harvey http://dlvr.it/Phwnnk¬†pic.twitter.com/M78w8Zyg0j,0,0,[],[],[],[],[],jennifer,0,0,0,0,0,1,0,0,0
350,"SHOCK REPORT: This Week CDC Quietly Updated COVID-19 Numbers - Only 9,210 Americans Died From COVID-19 Alone - Rest Had Different Other Serious Illnesses https://t.co/Bsubb3snyO via @gatewaypundit @HorseShort @mygianluca_ @seanhannity",1,0,"[['SHOCK', 0, 5], ['REPOR', 6, 11]]",[],[],[],[],jennifer,0,1,0,0,0,1,0,0,0
351,"Tomorrow is ""free tuition day"" everyone! More than likely will get hit by a car cause of the blizzard so thanks USD for the free moneyyyyy",0,1,[],[],"[['likely', 51, 57]]",[],[],jennifer,0,0,1,0,0,1,0,0,0
352,"It took 7 0.0 My car broke down twice,but was able to go on.Then I had to stop because The Flood and then had to put up with 2 thunderstoms",0,0,[],[],[],[],[],jennifer,0,0,0,0,0,1,0,0,0
353,"After horror of Hurricane Dorian, Bahamas struggling to shelter tens of thousands of survivors  http://jtim.es/MIup30pvqnX ",0,1,[],[],[],[],[],jennifer,0,0,0,0,0,1,0,0,0
354,"Criticising the ""pseudoscience"" of ""let it rip merchants"" calling for herd immunity, @CMOIreland said many of the young people who would pick up #Covid19 in such a plan are essential health workers | https://t.co/a2PV4SZqL2 https://t.co/v3whYqSgGb",1,1,[],[],"[['would', 131, 136]]",[],[],jennifer,0,0,1,0,0,1,0,0,0
355,Calling all #SmartCar lovers Florida man parks Smart car in kitchen to save it from Hurricane Dorian https://www.autoblog.com/2019/09/05/hurricane-dorian-smart-car-in-kitchen/ …,0,0,[],[],[],[],[],jennifer,0,0,0,0,0,1,0,0,0
356,"Hurricane Matthew: crack a beer, put on MIB, and ride out the storm.",0,0,[],[],[],[],[],jennifer,0,0,0,0,0,1,0,0,0
357,"Indonesia's navy says items have been found from a missing submarine, indicating the vessel with 53 crew members has sunk https://t.co/rAoQ5zDFge",1,0,[],[],"[['indicating', 70, 80]]","[['missing', 51, 58]]",[],jennifer,0,0,1,1,0,1,0,0,0
358,NASA reports mostly minor damage to Kennedy Space Center following Hurricane Matthew including damage to office building roof and parked car,0,0,[],[],[],[],[],jennifer,0,0,0,0,0,1,0,0,0
360,Vanilla Ice vows to ride out Hurricane Matthew:  http://cbsn.ws/2e6BbSH ,0,0,[],[],[],[],[],jennifer,0,0,0,0,0,1,0,0,0
361,"The @RedCross is on the ground throughout California, providing shelter, food and comfort for thousands of people forced to leave their homes due to the deadly wildfires. https://rdcrss.org/2QKLqMc¬† #RedCrosserpic.twitter.com/8r4i2ReE6F",0,0,[],[],[],[],[],jennifer,0,0,0,0,0,1,0,0,0
362,potential blizzard means a house full of food. ,0,0,[],[],[],[],[],jennifer,0,0,0,0,0,1,0,0,0
363,This Gorgeous Carbon Fiber Sled Could Be Your Perfect Post-Frankenstorm Ride:      If hurricane Sandy turns... http://bit.ly/S8NWXU  #YBF,0,0,[],[],"[['Could', 32, 37]]",[],[],jennifer,0,0,1,0,0,1,0,0,0
364,Looks like a war zone outside. What's going on?,0,1,[],[],[],[],[],jennifer,0,0,0,0,0,1,0,0,0
365,Please tell me someone didn't sink there car on Jones road with the flood... Bc that's what it looks like mad fire trucks and ambulances.,0,0,[],[],[],[],[],jennifer,0,0,0,0,0,1,0,0,0
366,"Not because she s an unlikeable elitist liar, with no fresh ideas, who felt entitled to the White House.What s even more absurd than the left s inability to accept REALITY, is the fact that no one spread more FAKE NEWS than liberals and even Hillary herself.  TruthfeedRush Limbaugh brilliantly exposes the lies Hillary told in this montage: ",1,1,"[['FAKE', 209, 213], ['NEWS', 214, 218]]",[],"[['felt', 71, 75]]",[],[],jennifer,0,1,1,0,0,1,0,0,0
367,"#DirectedEnergyWeapons: More vids of strange irregularities: unedited 3 min. pan from vehicle moving through burned out #ParadiseFires in CA: trees still stand, many with LEAVES, yet melted aluminum cars below them were NOT burned by mere ""wildfires.""#DEWs https://www.facebook.com/tyler.collinsblankenship/videos/2008305899250417/?hc_ref=ARRItxqoK-_bU3QJ49pqvQNn9IS6tQk9zKUV5e9pClUcEyFpuC2PV4ieT7kFkGMEdsY¬†‚Ä¶",0,1,"[['NOT', 220, 223]]",[],[],[],[],jennifer,0,1,0,0,0,1,0,0,0
368,"Due to Hurricane Dorian, the University’s Housing Payment fee deadline has been pushed back to Friday, September 13th! RT to spread the word!",0,0,[],[],[],[],[],jennifer,0,0,0,0,0,1,0,0,0
369,"Incredibly pragmatic dog braves Hurricane Harvey with, yes, an entire bag of dog food http://on.mash.to/2genwey¬†",0,1,[],[],[],[],[],jennifer,0,0,0,0,0,1,0,0,0
370,"These horses are smart and will do well! 
Wild Horses of North Carolina's Outer Banks Will Ride Out Hurricane Dorian 'Butts to the Wind' https://people.com/pets/outer-banks-wild-horses-ride-out-hurricane-dorian/ …",0,1,[],"[['!', 39, 40]]","[['well', 35, 39]]",[],[],ai,1,0,1,0,0,0,0,0,0
371,Ei! These businessmen:Tobinco floods hospitals with over 100 fake medicines - FDA http://www.citifmonline.com/index.php?id=1.1546506¬†‚Ä¶ via @Citifmonline #CitiNews‚Äù,0,0,[],"[['!', 2, 3]]",[],[],[],nicole,1,0,0,0,0,0,1,0,0
372,Being at Food Lion when the power goes out is a great way to spend a hurricane. #Matthew,0,1,[],[],[],[],[],nicole,0,0,0,0,0,0,1,0,0
373,Shelter animals evacuate #Florida ahead of Hurricane #Dorian - Sep 2 @ 11:30 AM ET [video onsite!] https://oddcrimes.com/static/2019/09/02/Shelter-animals-evacuate-Florida-ahead-of-Hurricane-Dorian.php …,0,0,[],[],[],[],[],nicole,0,0,0,0,0,0,1,0,0
374,‚Äú@itsbritany_btch: Someone give me a ride home from school :(‚Äù omg me too . Not trying to walk home during this tornado watch lmao,0,0,[],[],[],[],[],nicole,0,0,0,0,0,0,1,0,0
375,AAYYEE real nigga! jp. RT: @CallMe_Eduardo Ay bruhh we really bout to ride out and find this baby ass whirlwind yall call a tornado,0,1,[],"[['!', 17, 18]]",[],[],"[['nigga', 12, 17], ['ass', 98, 101]]",nicole,1,0,0,0,1,0,1,0,0
376,Solo #mtb ride yesterday in the mountains above #SaltLakeCity. The air is terrible because of wildfires in CA but it was good to be up in the alpine. #outdoors #utahpic.twitter.com/C3PPxj3DQa,0,1,[],[],[],"[['terrible', 74, 82]]",[],nicole,0,0,0,1,0,0,1,0,0
377,"Join us for @KRCG13 Live at Ten:
- MU student from Florida feels the impact of Hurricane Dorian while family is back at home 
- An update on the search for a teen driver who’s car was found in the Missouri River
- The latest on the West Texas mass shootings",0,0,[],[],"[['feels', 59, 64]]",[],[],nicole,0,0,1,0,0,0,1,0,0
378,"#FarmersProtest | “I have spent my life fighting injustice but this time I am not fighting injustice, I am fighting betrayal,” said Jai Karan, district secretary of the All India Krishak Khet Majdoor Sangathan.

@NidhiSuresh_ reports.

https://t.co/ukafm0M1zV",1,0,[],[],[],[],[],nicole,0,0,0,0,0,0,1,0,0
379,"Mexican government has offered boats, food and other types of hurricane aid to Texas, according to TX Governor Abbott",0,0,[],[],[],[],[],nicole,0,0,0,0,0,0,1,0,0
380,"Why Covid-19 is worse than the flu, in one chart https://t.co/2hgbWhCijt",1,1,[],[],[],[],[],nicole,0,0,0,0,0,0,1,0,0
381,Shelter animals displaced by Hurricane Dorian arrive in Pittsburgh to find forever homes http://a.msn.com/03/en-us/AAGLgkh?ocid=st …,0,0,[],[],[],[],[],nicole,0,0,0,0,0,0,1,0,0
382,"Last night a far-right extremist group vandalized a statue of George Floyd in Brooklyn. A racist, loathsome, despicable act of hate.  

The City Cleanup Corps is repairing the statue right now and a hate crime investigation is underway. We will bring these cowards to justice. https://t.co/mTwzwIyG4z",0,1,[],[],[],[],[],nicole,0,0,0,0,0,0,1,0,0
383,College volleyball player killed in car crash while evacuating ahead of Hurricane Dorian: report https://ift.tt/2zWpTt4 ,0,0,[],[],[],[],[],nicole,0,0,0,0,0,0,1,0,0
384,We are getting some reports of flooding near Jonesboro High School. Please use caution when driving in the area. Turn around don't drown!,0,0,[],"[['!', 136, 137]]",[],[],[],nicole,1,0,0,0,0,0,1,0,0
385,"@Costco Thank you, thank you for being open during Hurricane Dorian.  I had to tow my car to Royal Palm Beach FL and they replaced my tire.  So grateful!",0,0,[],"[['!', 152, 153]]",[],[],[],nicole,1,0,0,0,0,0,1,0,0
386,"Hurricane prep consists of some food, water, beer, and a few cigars. Think il be good",0,1,[],[],[],[],[],nicole,0,0,0,0,0,0,1,0,0
387,"This cartoon is one of our all-time favorites. You ve gotta love the note from Bill on the pillow, and the Bernie Sanders voodoo doll on her nightstand is priceless ",1,1,[],[],[],"[['priceless', 155, 164]]",[],nicole,0,0,0,1,0,0,1,0,0
388,Intense Footage Of A Helicopter Fighting A Wildfire Feet Away From Cars In California http://on.digg.com/2PTKlV6¬†,0,1,[],[],[],[],[],nicole,0,0,0,0,0,0,1,0,0
389,Donald Trump: With fifty people dead and perhaps more ultimately and dozens more wounded we cannot afford to talk around issues anymore. We have to address these issues head on. I called for a ban after San Bernardino and it was met with great scorn and anger. And now many are saying although the pause is temporary we must find out what is going on. We have to do it. ,1,1,[],[],"[['cannot', 92, 98]]",[],[],nicole,0,0,1,0,0,0,1,0,0
390,"Hurricane Dorian’s forecast shifts, putting the Carolinas and Georgia in play along with Florida - CNN.  It’s insane how many poor people are here in harms way that can’t AFFORD Evac plans or to stock up on supplies. Not even gas money to run! Food! Water! https://apple.news/AukMIEMjTTf6IHM__wW0uRQ …",0,1,"[['AFFORD', 171, 177]]","[['!', 242, 243], ['!', 248, 249], ['!', 255, 256]]","[['can’t', 165, 170]]",[],[],nicole,1,1,1,0,0,0,1,0,0
391,Haitians scramble for shelter from powerful Hurricane Matthew http://dlvr.it/MNlYbJ ,0,0,[],[],[],"[['powerful', 35, 43]]",[],nicole,0,0,0,1,0,0,1,0,0
392,"#CampFire 9 have died and tens of thousands have been evacuated as fierce wildfires sweep across #California.
All who died were found in the same area of the town of Paradise-north. At least 4  perished in their cars trying to escape the fire. . 35 people reported missing. pic.twitter.com/WmexiULc5J",0,0,[],[],[],[],[],nicole,0,0,0,0,0,0,1,0,0
393,It better not flood my car will be fucked,0,1,[],[],[],[],"[['fucked', 35, 41]]",nicole,0,0,0,0,1,0,1,0,0
394,"NEWS , BBCNEWS Hurricane Matthew: Family rescued from car rooftop http://bbc.in/2dX2hY7  WORLDNEWS",0,0,[],[],[],[],[],nicole,0,0,0,0,0,0,1,0,0
395,Five dead in cars as California wildfires cause devastation https://noox.app/uk/3320160¬†,0,0,[],[],[],[],[],nicole,0,0,0,0,0,0,1,0,0
396,If you wanna smoke cigs that's your own problem but when your breath smells like an old ash tray.. that's fucking disgusting,1,1,[],[],[],"[['disgusting', 114, 124]]","[['fucking', 106, 113]]",nicole,0,0,0,1,1,0,1,0,0
397,Day two of Cross Florida Bike ride. So far hurricane Sandy has been kind to us. Little breezy this am. http://www.teamc2c.org ,0,1,[],[],[],[],[],nicole,0,0,0,0,0,0,1,0,0
398,I hope everyone in the path of hurricane dorian stays safe!!  Don’t hesitate to evacuate if need be and if you are staying inside please remember to stock up on food and water.  Sending love to everyone.,0,0,"[['!!', 58, 60]]",[],"[['hope', 2, 6]]",[],[],nicole,0,1,1,0,0,0,1,0,0
399,Hurricane Dorian: NASA team set to ride out storm at Kennedy Space Center https://www.paperspy.com/2019/09/03/hurricane-dorian-nasa-team-set-to-ride-out-storm-at-kennedy-space-center/ …,0,0,[],[],[],[],[],nicole,0,0,0,0,0,0,1,0,0
400,"Hurricane Dorian Smashes Houses & Cars, Knocks Trees On Destructive Land... https://youtu.be/sj7zcVvm-rY  via @YouTube",0,0,[],[],[],[],[],nicole,0,0,0,0,0,0,1,0,0
401,i don't have a ride to or from work because Georgie Poo's car is not functioning after the intense flood.,0,0,[],[],[],[],[],nicole,0,0,0,0,0,0,1,0,0
402,Whenever I have a meltdown and need someone @Becca_Caitlyn99 is always like 'leaving in 5' and I don't know how I got so lucky #blessed,1,1,[],[],[],[],[],nicole,0,0,0,0,0,0,1,0,0
403,"US Army band plays Jana Gana Mana for Indian soldiers. Watch

https://t.co/YF9j8gz6zI https://t.co/Bdxr71f8wE",1,0,[],[],[],[],[],nicole,0,0,0,0,0,0,1,0,0
404,Norovirus outbreak confirmed at California wildfire shelter: https://nypost.com/2018/11/14/norovirus-outbreak-confirmed-at-california-wildfire-shelter/¬†‚Ä¶,0,0,[],[],[],[],[],nicole,0,0,0,0,0,0,1,0,0
405,Hurricane Matthew has passed; here's what to do next: That's part of the reason you shouldn't try to... http://bit.ly/2dzNVQL  #shelter,0,0,[],[],"[[""shouldn't"", 84, 93]]",[],[],nicole,0,0,1,0,0,0,1,0,0
406,California #wildfires seem to be getting worse. Smoke is Thicker everyday and ash is piling up on the cars... Everyone please stay safe!  pic.twitter.com/oO3uWOv777,0,1,[],"[['!', 135, 136]]","[['seem', 22, 26]]",[],[],nicole,1,0,1,0,0,0,1,0,0
407,"While trump was getting an ego rubdown in Kentucky, and listening to Kanye's drivel, Hurricane Michael's Survivors were wondering where's the food and FEMA?

Oh yeah, the ""Stable Genius"" snatched $10M from FEMA, too.
 …

via @GoogleNews https://lnkd.in/gWSUq5E ",0,1,[],[],[],[],[],nicole,0,0,0,0,0,0,1,0,0
408,"Live cam of Times Square in the blizzard. Lots of people, no cars. http://www.earthcam.com/usa/newyork/timessquare/?cam=tsrobo1¬†‚Ä¶ #jonasblizzard #Snowzilla",0,0,[],[],[],[],[],nicole,0,0,0,0,0,0,1,0,0
409,"@jvargyas55 @RandyGallina and I have to piss badly and flood has to shit, it's an all around horrible ride",0,1,[],[],[],"[['horrible', 93, 101]]","[['shit', 68, 72]]",nicole,0,0,0,1,1,0,1,0,0
410,Crushed the gym then crushed a butterfinger flurry clearly my priorities are straight ??,1,1,[],[],[],[],[],nicole,0,0,0,0,0,0,1,0,0
411,USDA Offers Food Safety Tips for Areas Affected by Hurricane Michael https://www.fsis.usda.gov/wps/portal/fsis/newsroom/news-releases-statements-transcripts/news-release-archives-by-year/archive/2018/nr-101018-01 …,0,0,[],[],[],[],[],nicole,0,0,0,0,0,0,1,0,0
412,When hurricane Dorian coming at u and u tryna dodge all the cars flying at u,0,0,[],[],[],[],[],nicole,0,0,0,0,0,0,1,0,0
413,"So after these long tests, stuck in d building cuz of tornado and that also means no food from aunt! Just like yesterday! Fuckn tornado!!!",0,0,[],"[['!', 99, 100], ['!', 120, 121], ['!!!', 135, 138]]",[],[],"[['Fuckn', 122, 127]]",nicole,1,0,0,0,1,0,1,0,0
414,well hurricane Michael best stay away..our car is dead broke busted..cant leave damn state lol,0,0,[],[],"[['cant', 69, 73]]",[],"[['damn', 80, 84]]",nicole,0,0,1,0,1,0,1,0,0
415,This car is reallly nice but it was in the flood the guy wants 2500 for it water didnt go very high its an 05 sts... http://fb.me/QVdjM5No¬†,0,1,[],[],[],[],[],nicole,0,0,0,0,0,0,1,0,0
416,Drop off blankets & food @PicknPay for Cape flood victims. Its the right thing to do.,0,1,[],[],[],[],[],nicole,0,0,0,0,0,0,1,0,0
417,USDA Food Safety Tips for Areas Affected by Hurricane Matthew http://www.fsis.usda.gov/wps/portal/fsis/newsroom/news-releases-statements-transcripts/news-release-archives-by-year/archive/2016/nr-100516-01 … via @USDAFoodSafety #foodsafety #hurricanematthew,0,0,[],[],[],[],[],nicole,0,0,0,0,0,0,1,0,0
418,US Census Bureau Confirms HUGE CONFLICT in Total Number of Voters in 2020 Election https://t.co/jVdnyUp8E4,1,0,"[['HUGE', 26, 30], ['CONFLICT', 31, 39]]",[],[],[],[],nicole,0,1,0,0,0,0,1,0,0
419,Fact check: is the Trump campaign hiring actors on Craigslist to appear at his Tulsa rally? https://t.co/gy5z2hG4GC,1,0,[],[],"[['appear', 65, 71]]",[],[],nicole,0,0,1,0,0,0,1,0,0
420,"#BreakingNews
#UPDATE 
Of the 23 people killed by the fire in Paradise, California, 6 died in cars.
Again and again in California‚Äôs battle with wildfires, roads have emerged as a major vulnerability for those escaping. https://nyti.ms/2DyLjjE¬†",0,0,[],[],[],[],[],nicole,0,0,0,0,0,0,1,0,0
421,These videos are just devastating and Hurricane Dorian is stalled over the island. Please consider donating any items/food  to the Bahamas  https://twitter.com/UptoDateNewz/status/1168595372643639296 …,0,1,[],[],"[['consider', 90, 98]]","[['devastating', 22, 33]]",[],nicole,0,0,1,1,0,0,1,0,0
422,@crowdtappers @joinvroom OMG I remember the meltdown the day I did her hair like ELSA and not ANNA.... OHHHH THE HORROR!!! LOL #tangletalk,1,1,"[['OMG', 25, 28], ['ELSA', 81, 85], ['ANNA', 94, 98], ['OHHHH', 103, 108], ['THE', 109, 112], ['HORROR', 113, 119], ['LOL', 123, 126]]","[['!!!', 119, 122]]",[],[],[],nicole,1,1,0,0,0,0,1,0,0
423,Florida man parks Smart car in kitchen so it won't blow away during Hurricane Dorian https://www.fox5dc.com/news/florida-man-parks-smart-car-in-kitchen-so-it-wont-blow-away-during-hurricane-dorian …,0,0,[],[],[],[],[],nicole,0,0,0,0,0,0,1,0,0
424,Don‚Äôt feel bad about ordering food during a blizzard. Just tip well. How well? This well: http://bit.ly/1V8EzaK¬†pic.twitter.com/i8iHDVhvIU,0,1,[],[],"[['feel', 8, 12]]",[],[],nicole,0,0,1,0,0,0,1,0,0
425,"Okay, you know what? I'm looking at these tornado videos taken via CELL PHONE from Tuscaloosa, and uh, WHY DID YOU NOT SEEK SHELTER?",0,1,"[['WHY', 103, 106], ['DID', 107, 110], ['YOU', 111, 114], ['NOT', 115, 118], ['SEEK', 119, 123], ['SHELTER', 124, 131], ['CELL', 67, 71], ['PHONE', 72, 77]]",[],[],[],[],nicole,0,1,0,0,0,0,1,0,0
426,Proposed design of the Ram Temple at Ayodhya. Designs shared by Ahmedabad based architect - Chandrakant Bhai Sompura. https://t.co/QPNZ2n6r3r,1,0,[],[],[],[],[],nicole,0,0,0,0,0,0,1,0,0
427,Hope my car doesn't flood! MT @LiveDoppler7HD  King tides expected thru Thurs. High tide to reach 6.9 feet today http://abc7ne.ws/1h990ND¬†,0,0,[],"[['!', 25, 26]]","[['Hope', 0, 4], ['expected', 58, 66]]",[],[],nicole,1,0,1,0,0,0,1,0,0
428,Your Essential Snow Day Shopping List ‚Äî Great Blizzard of‚Ä¶ http://dlvr.it/DM77gZ¬† #TipsTechniques #spiralizer #food pic.twitter.com/NL1Cm0opBH,0,1,[],[],[],[],[],nicole,0,0,0,0,0,0,1,0,0
429,"Do not feel bad...nope. They don't feel for us 
Many stars have been forced to evacuate as a result of the wildfire, including the Kardashian family, Alyssa Milano, Melissa Etheridge, Rainn Wilson and Guillermo del Toro.",0,1,[],[],"[['feel', 7, 11], ['feel', 35, 39]]",[],[],nicole,0,0,1,0,0,0,1,0,0
430,I hate when I put food in the microwave & it starts making explosive noises so I check and it's cold like why you gotta play me like that.,0,1,[],[],[],[],[],nicole,0,0,0,0,0,0,1,0,0
431,collapsed the moment i got home last night lol,1,0,[],[],[],[],[],nicole,0,0,0,0,0,0,1,0,0
432,"Unlikely hurricane hero takes over chaotic Texas storm shelter: http://aol.it/2wiRz8I¬† via @AOL
Zachary Dearing, HERO!!!",0,1,"[['HERO', 114, 118]]","[['!!!', 118, 121]]","[['Unlikely', 0, 8]]",[],[],nicole,1,1,1,0,0,0,1,0,0
434,Disney defends decision to keep employees on private island to ride out Hurricane Dorian https://york.run/news/disney-defends-decision-to-keep-employees-on-private-island-to-ride-out-hurricane-dorian/ …pic.twitter.com/3BdhPzC3gR,0,0,[],[],[],[],[],nicole,0,0,0,0,0,0,1,0,0
435,Peaceful and colourful protests in Berlin. Thanks to the organizers and the many people. #BerlinProtests #Berlin2908 https://t.co/Fh1bOJVjxH,1,1,[],[],[],"[['Peaceful', 0, 8], ['colourful', 13, 22]]",[],nicole,0,0,0,1,0,0,1,0,0
436,"Pray for those in its path; that God might send it back out to sea:
Hurricane Dorian strikes Bahamas: Homes severely damaged, cars overturned, power lines down

https://www.foxnews.com/world/hurricane-dorian-bahamas-homes-damaged-cars-overturned-power-lines …",0,0,[],[],"[['might', 37, 42]]",[],[],nicole,0,0,1,0,0,0,1,0,0
437,"Heroic deed~ Touching Story: 12,000 prisoners donate food to flood victims http://wp.me/p2ErVD-w¬† via @wordpressdotcom",0,1,[],[],[],"[['Touching', 13, 21]]",[],nicole,0,0,0,1,0,0,1,0,0
438,"Housing, food, water priorities in Bahamas after Hurricane Matthew
Details: http://bit.ly/2e5cLK7 ",0,0,[],[],[],[],[],nicole,0,0,0,0,0,0,1,0,0
439,"For vehicles with OnStar, the company is offering a one month free subscription for survivors of Hurricane Michael.
To set-up, press the OnStar button in your vehicle two times then follow the prompt to speak with an agent who will activate service.",0,0,[],[],[],[],[],nicole,0,0,0,0,0,0,1,0,0
440,"Waited out confirmed tornado in basement of a bar with @savetherobot. Tree fell on my car, minor damage. Pix of campus: http://goo.gl/PZOEC",0,0,[],[],[],[],[],nicole,0,0,0,0,0,0,1,0,0
441,"Hurricane #dorian finally moved on from the Bahamas, and photos of near-total devastation are trickling onto the internet. 

People will need shelter, food, clothing, and medical attention for weeks or months. 

It seems obvious to chip in and help them out.",0,1,[],[],"[['seems', 215, 220]]",[],[],nicole,0,0,1,0,0,0,1,0,0
442,@AbbigaleBailey Come to my house !! Or I'll ride that damn tornado to come get you!! Your choice :),0,0,[],"[['!!', 33, 35], ['!!', 82, 84]]",[],[],"[['damn', 54, 58]]",nicole,1,0,0,0,1,0,1,0,0
443,They tried that 12 years ago for a hurricane. I spent 48 hours in a car to go 150 miles. Would have died in a flood.,0,1,[],[],"[['Would', 89, 94]]",[],[],nicole,0,0,1,0,0,0,1,0,0
444,"It's no secret that blind turns, floods, shoulder drop-offs and potholes all cause car accidents.  But who is at... http://fb.me/W6hg1YyZ¬†",0,1,[],[],[],[],[],nicole,0,0,0,0,0,0,1,0,0
446,"Airbnb hosts offering free housing for Hurricane Dorian evacuees, relief workers https://komonews.com/news/nation-world/airbnb-hosts-offering-free-housing-for-hurricane-dorian-evacuees-relief-workers …",0,0,[],[],[],[],[],nicole,0,0,0,0,0,0,1,0,0
447,"Bahamians rescued victims of Hurricane Dorian with jet skis and a bulldozer as the U.S. Coast Guard, Britain's Royal Navy and a handful of aid groups tried to get food and medicine to survivors and take the most desperate people to safety. https://napavalleyregister.com/news/national/photos-total-devastation-in-bahamas-as-hurricane-dorian-heads-for/collection_525c81fa-ecdd-522c-ae48-3c8d1b4cea1d.html#utm_campaign=blox&utm_source=twitter&utm_medium=social …",0,0,[],[],[],[],[],nicole,0,0,0,0,0,0,1,0,0
448,"Protester with  Rape  sign is tackled at #Clinton rally in #Las Vegas pic.twitter.com/sJvGvFnpgt  John Treanor (@NewsTreanor) October 13, 2016",1,0,[],[],[],[],[],nicole,0,0,0,0,0,0,1,0,0
449,I lost my car in the hurricane. Its hard to get around Houston without wheels.  My boss took me to the grocery store today. #Grateful,0,1,[],[],[],[],[],nicole,0,0,0,0,0,0,1,0,0
450,Florida man parks Smart car in kitchen because he was 'afraid his car might blow away' in Hurricane Dorian https://trib.al/JYVe5QU ,0,0,[],[],"[['might', 70, 75]]",[],[],nicole,0,0,1,0,0,0,1,0,0
451,"What's the best way to ride out a hurricane? The resident ""alpha"" flock member (with feathers)‚Ä¶ https://www.instagram.com/p/BYRLdhCFJG-/¬†",0,0,[],[],[],[],[],nicole,0,0,0,0,0,0,1,0,0
452,U.S. administers nearly 264.7 mln doses of COVID-19 vaccines - CDC https://t.co/LIRMlkeuCR https://t.co/Sg0C4CvXML,1,0,[],[],[],[],[],nicole,0,0,0,0,0,0,1,0,0
453,@Marvel @DCComics @ImageComics @DarkHorseComics @IDWPublishing And by doing this you're enabling the possible collapse of the industry.,1,1,[],[],"[['possible', 101, 109]]",[],[],nicole,0,0,1,0,0,0,1,0,0
454,Ready for the hurricane ride??? Hurricane Matthew may have grown a bit stronger but John Smith is in the house... http://fb.me/30UhZAPI1 ,0,0,[],[],"[['may', 50, 53]]",[],[],nicole,0,0,1,0,0,0,1,0,0
455,"If my car floods cause of all this rain, ill be one pissed bitch.",0,0,[],[],[],[],"[['bitch', 59, 64]]",nicole,0,0,0,0,1,0,1,0,0
456,Bald eagle rescued from car grill after Matthew passes: In the aftermath of Hurricane Matthew's path through ... http://cnn.it/2dWuUob ,0,0,[],[],[],[],[],nicole,0,0,0,0,0,0,1,0,0
457,12 hours ago Hurricane #Michael packed 155 MPH winds - now tropical storm Michael has 70 MPH winds - what a wild ride.,0,1,[],[],[],[],[],nicole,0,0,0,0,0,0,1,0,0
458,"Lightening just struck across da street. Serious Tornado warning. Please seek shelter. Atlanta, McDonough, Barnesville, Clayton & Henry Co.",0,0,[],[],[],[],[],nicole,0,0,0,0,0,0,1,0,0
459,".

                PERIOD!

Trump says Moscow Mitch called Ukraine transcript 'the most innocent phone call' ever. Mitch? https://t.co/DTz41ZElif",1,1,"[['PERIOD', 19, 25]]","[['!', 25, 26]]",[],[],[],nicole,1,1,0,0,0,0,1,0,0
460,This cop seriously just turned on their siren to get through traffic and turned it right back off like wtf,1,1,[],[],[],[],"[['wtf', 103, 106]]",nicole,0,0,0,0,1,0,1,0,0
461,Bravo Sheriff Clarke! Registered Democrat Sheriff David Clarke is the only person in a position of authority in law enforcement who is brave enough to call the Black Lives Matter movement what it truly is. He is also one of the only black leaders in America who is willing to say why we are seeing a race war and war against cops in America today. He is truly a breath of fresh air and deserves to be applauded for his courage and dedication to truth. The idea that he s a Democrat is enough to make liberal heads explode!Watch his epic news conference here:,1,1,[],"[['!', 20, 21], ['!', 521, 522]]",[],[],[],nicole,1,0,0,0,0,0,1,0,0
462,I come downstairs trying to look as normal as possible in front of my mom and Rhiannon screams 'HUNGOVER???? Huh???' Uhmmmm no ????????,1,1,"[['HUNGOVER', 96, 104]]",[],"[['possible', 46, 54]]",[],[],nicole,0,1,1,0,0,0,1,0,0
463,It should be our duty to obliterate superstition from our society : Swami Agnivesh,1,1,[],[],"[['should', 3, 9]]",[],[],nicole,0,0,1,0,0,0,1,0,0
464,"All of you people complaining that hurricane Matthew didn't hit us when y'all should be grateful it didn't destroy your homes, cars & life",0,1,[],[],"[['should', 78, 84]]","[['grateful', 88, 96]]",[],nicole,0,0,1,1,0,0,1,0,0
465,@barrymoltz How funny that they have trapped you in the shelter..did they make you go down there?  i am not a fan of TORNADO Shelters,0,1,"[['TORNADO', 118, 125]]",[],[],[],[],nicole,0,1,0,0,0,0,1,0,0
467,Hurricane Sandy: New London Info Center: New London's relocation shelter is at the Winthrop... http://bit.ly/VZN5Ph  http://bit.ly/gGgzm ,0,0,[],[],[],[],[],nicole,0,0,0,0,0,0,1,0,0
468,With the snow outside who would like to see an inside blizzard instead? Klienjan Chiropractic and Sports Medicine... http://fb.me/1ZSdT6pFd¬†,0,0,[],[],"[['would', 26, 31]]",[],[],nicole,0,0,1,0,0,0,1,0,0
469,"Bob Braun: In Hurricane Sandy, seeking shelter and trust: Across New Jersey, from the very young to the ... http://q.gs/2UM7U  #neward",0,0,[],[],[],[],[],nicole,0,0,0,0,0,0,1,0,0
470,Yo hurricane Matthew... If you could like not fuck up my car I'll give you like 5 dolla,0,1,[],[],"[['could', 31, 36]]",[],"[['fuck', 46, 50]]",nicole,0,0,1,0,1,0,1,0,0
472,Yeeeaaah that flash flood warning scared the shit out of me in the car,0,0,[],[],[],[],"[['shit', 45, 49]]",nicole,0,0,0,0,1,0,1,0,0
473,"RT @wxdan: RT @wxbrad: Tornado spotted near Bristol, TN seek shelter now in Abington, VA! #tnwx  http://twitpic.com/4qckl5 #vawx #swvawx",0,0,[],"[['!', 88, 89]]",[],[],[],nicole,1,0,0,0,0,0,1,0,0
474,A 455 Horsepower V8 Camaro On Snow Tires Is The Best Worst Blizzard Car‚Ä¶ http://bit.ly/1PIezFd¬† free article dir http://warpeddesignz.com¬†,0,1,[],[],[],[],[],nicole,0,0,0,0,0,0,1,0,0
475,.@POTUS: I'm the 1st modern president without a major scandal https://t.co/RqhxMjYPDx,1,1,[],[],[],[],[],nicole,0,0,0,0,0,0,1,0,0
476,"Just in case things get bad during the hurricane, anyone is welcome to my home for shelter.",0,0,[],[],[],[],[],nicole,0,0,0,0,0,0,1,0,0
477,"An image of procedural blood draw is viral as first dose of Bharat Biotech's COVID vaccine 'Covaxin' taken by company's Vice President. Not only is this false but Covaxin cannot be administered intravenously. 
@Neurophysik @free_thinker
 #AltNewsSciCheck
  https://t.co/JgWnhXzS4C",1,0,[],[],"[['cannot', 171, 177]]",[],[],nicole,0,0,1,0,0,0,1,0,0
478,i just drove with both my parents in the car lmao that was a panic attack waiting to happen,1,1,[],[],[],[],"[['lmao', 45, 49]]",nicole,0,0,0,0,1,0,1,0,0
479,"Every black person become a weatherman when it's time for hurricanes & etc. to come ""Ima ride it out"" head ass",0,1,[],[],[],[],"[['ass', 107, 110]]",nicole,0,0,0,0,1,0,1,0,0
480,"Slow your roll - they just had Hurricane Michael come thru, this on the heels of Hurricane Florence with more to come. Steel, aluminum, soft wood lumber, cars (new & used) all will be needed. They’re not as much in the driver’s seat as trump proclaims.",0,1,[],[],[],[],[],nicole,0,0,0,0,0,0,1,0,0
481,12000 inmates from Muntinlupa Jail gave up their meals so the food could be donated to victims of a flood in Manila https://twitter.com/MostSecretFacts/status/381232830077882369/photo/1pic.twitter.com/fW6YpEKJMD¬†,0,0,[],[],"[['could', 67, 72]]",[],[],nicole,0,0,1,0,0,0,1,0,0
482,This car slammed up so hard against this SE Austin house in the floods this morning that it ripped into the brick. pic.twitter.com/J7lDbzMyV8,0,0,[],[],[],[],[],nicole,0,0,0,0,0,0,1,0,0
483,Trump's FEMA failing again - Citizens without water and food for days from Hurricane Michael https://www.dailykos.com/story/2018/10/14/1804277/-Trump-s-FEMA-failing-again-Citizens-without-water-and-food-for-days-from-Hurricane-Michael …,0,0,[],[],[],[],[],nicole,0,0,0,0,0,0,1,0,0
484,ISIS Terror Leader Abu Bakr al-Baghdadi was Released By Obama from Camp Bucca in 2009 http://t.co/rZV9OZtrTe,1,0,[],[],[],[],[],nicole,0,0,0,0,0,0,1,0,0
485,Trump just claimed crime in Germany is “way up.” Angela Merkel’s response is brilliant https://t.co/Oj9P4T2krp #TheResistance https://t.co/EpslV2UDV6,1,0,[],[],[],[],[],nicole,0,0,0,0,0,0,1,0,0
486,RT SurvivorMed: Gimme Shelter: Keeping Homeless Warm in a Blizzard is Easier Said Than Done http://ow.ly/XOpFi¬† #survival #preppers #p‚Ä¶,0,0,[],[],[],"[['Homeless', 39, 47]]",[],nicole,0,0,0,1,0,0,1,0,0
487,"No Food, No FEMA: Hurricane Michael’s Survivors Are Furious #hurricanemicheal http://va.topbuzz.com/s/UTmFZv ",0,0,[],[],[],[],[],nicole,0,0,0,0,0,0,1,0,0
488,[AW News] Haitians scramble for shelter from powerful Hurricane Matthew via @ameborworld_com http://ameborworld.com/2016/10/04/aw-news-haitians-scramble-for-shelter-from-powerful-hurricane-matthew-via-ameborworld_com/ …,0,0,[],[],[],"[['powerful', 45, 53]]",[],nicole,0,0,0,1,0,0,1,0,0
489,My work is a road width away from the sea and there's a flood alert for the area tomorrow. Gonna be parking my car a good distance away.,0,0,[],[],[],[],[],nicole,0,0,0,0,0,0,1,0,0
490,"We will be taking canned food, bottled water, tarps and germ-x to Panama City next Saturday to help the ones effected by Hurricane Michael. If anyone would like… https://www.instagram.com/p/Bo6d_8aFjiddlBGQrBKibsYNFbMcoUZYZz6cI00/?utm_source=ig_twitter_share&igshid=1oo4x3jhi2rf …",0,0,[],[],"[['would', 150, 155]]",[],[],nicole,0,0,1,0,0,0,1,0,0
491,My sis can now sit on a cam w/o panicking https://t.co/GiYaaD7dcc,1,0,[],[],"[['can', 7, 10]]",[],[],nicole,0,0,1,0,0,0,1,0,0
492,'Go too Ibiza Pop ah Pill Get DRUNK &amp; Fall off a Cliff'. (Real Talk) @DannyJohnJules @Spencer_Fearon @ChristieLinford,1,0,"[['DRUNK', 30, 35]]",[],[],[],[],nicole,0,1,0,0,0,0,1,0,0
493,That's better than leaving people outside in the hurricane with nowhere to go honestly. I also don't see why they didn't plan to shelter,0,1,[],[],[],[],[],nicole,0,0,0,0,0,0,1,0,0
494,We've been hearing about this blizzard for a week but tonight's snowfall came smooth TF outta nowhere. Cars just liked up on the road.,0,1,"[['TF', 85, 87]]",[],[],[],"[['TF', 85, 87]]",nicole,0,1,0,0,1,0,1,0,0
495,Italy Resorts To Transporting Bodies In Army Trucks After Coronavirus Overwhelms Cemeteries https://t.co/cusx8BwIA5,1,0,[],[],[],[],[],nicole,0,0,0,0,0,0,1,0,0
496,Got pulled over by cops just so they would tell me to seek shelter cuz of a tornado warning. Seriously?,0,1,[],[],"[['would', 37, 42]]",[],[],nicole,0,0,1,0,0,0,1,0,0
497,"Hurricane Dorian: Uber offering free rides to Florida shelter locations

https://www.wftv.com/weather/eye-on-the-tropics/hurricane-dorian-uber-offering-free-rides-to-florida-shelter-locations/981510231 …",0,0,[],[],[],[],[],nicole,0,0,0,0,0,0,1,0,0
498,The '1pack 2pack 3pack' line is on fleek if Stretcher is fire.,1,1,[],[],[],[],[],nicole,0,0,0,0,0,0,1,0,0
499,"YA BOY CLIP VS 4KUS FULL BATTLE

@15MofeRadio @Heavybag201 @battle_dom @QOTRING @BattleRapChris @Hughes1128 

https://t.co/7SPyDy1csc",1,0,"[['YA', 0, 2], ['BOY', 3, 6], ['CLIP', 7, 11], ['VS', 12, 14], ['4KUS', 15, 19], ['FULL', 20, 24], ['BATTLE', 25, 31]]",[],[],[],[],nicole,0,1,0,0,0,0,1,0,0
500,Thought this said food & willpower RT @Independent: Fresh flood fear after festive blackout as thousands left without power at Christmas,0,0,[],[],[],[],[],nicole,0,0,0,0,0,0,1,0,0
501,NEW YORK: A whirlwind day of activities in New York. Breakfast at the Millennium Hotel United Nations Plaza. Lunch... http://t.co/laYZBA9y8h,1,0,[],[],[],[],[],nicole,0,0,0,0,0,0,1,0,0
502,"there is a BLIZZARD WARNING for where i live, so i am currently in my parents' basement being a dweller and eating their food",0,0,"[['BLIZZARD', 11, 19], ['WARNING', 20, 27]]",[],[],[],[],nicole,0,1,0,0,0,0,1,0,0
503,". #Trumpland - you see, there ARE some situations in which #EXPERIENCEMATTERS
No Food, No FEMA: Hurricane Michael’s Survivors Are Furious
Miles&miles of Florida are obliterated&residents have been left to fend for themselves w little help fr the government https://apple.news/APp4E5UMtQT2ULJVMPM0ovw …",0,1,"[['ARE', 30, 33], ['EXPERIENCEMATTERS', 60, 77]]",[],[],[],[],nicole,0,1,0,0,0,0,1,0,0
504,Photo: weallheartonedirection: I wouldnÛªt let David electrocute himself so IÛªm the asshole http://t.co/uWiJMEGl4E,1,1,[],[],"[['wouldn\x89Ûªt', 33, 43]]",[],"[['asshole', 87, 94]]",nicole,0,0,1,0,1,0,1,0,0
505,"Farmers protesting at the Delhi-Ghazipur border (Delhi-UP) march towards Delhi.

""With this march we want to give a message to the govt to listen to our issues,"" says Rakesh Tikait, Spokesperson, Bharatiya Kisan Union.

#FarmersProtest https://t.co/Bplf0PjhuY",1,0,[],[],[],[],[],nicole,0,0,0,0,0,0,1,0,0
506,@MargieBiebes off the road And Seek shelter because of the TORNADO warning. but my bus driver is Still driving lol,0,0,"[['TORNADO', 60, 67]]",[],[],[],[],nicole,0,1,0,0,0,0,1,0,0
507,"""I Will Never Do This Again"": A Family Decided To Ride Out Hurricane Michael And It Was Terrifying https://www.buzzfeednews.com/article/davidmack/hurricane-michael-florida-mexico-beach?utm_term=.bb5nlN29ZY#.bb5nlN29ZY …",0,0,[],[],[],"[['Terrifying', 88, 98]]",[],nicole,0,0,0,1,0,0,1,0,0
508,Florida man drives car into kitchen to prevent it from blowing away during Hurricane Dorian** #HurricaneDorian #Dorian #Florida #UnitedStates #Dorian2019https://thepigeonexpress.com/florida-man-drives-car-into-kitchen-to-prevent-it-from-blowing-away-during-hurricane-dorian/ …,0,0,[],[],[],[],[],nicole,0,0,0,0,0,0,1,0,0
509,still in the car on the way to flo-town. those pools on the side of 95 near Dunn were shattered and sprayed everywhere from the tornado,0,1,[],[],[],[],[],nicole,0,0,0,0,0,0,1,0,0
510,"#smh ... Would-be looter in Hurricane Michael-ravaged Florida shot, killed after trying to steal law enforcement vehicle: report https://fxn.ws/2pUM4La  #FoxNews",0,1,[],[],"[['Would', 9, 14]]",[],[],nicole,0,0,1,0,0,0,1,0,0
511,Correction: Tent Collapse Story http://t.co/S7VYGeNJuv,0,0,[],[],[],[],[],nicole,0,0,0,0,0,0,1,0,0
512,"Now is the time to shelter in place.  Hurricane Dorian is headed to the Jacksonville area. Be safe.  

Call 911 if you have a emergency. 

Bridges will likely close TONIGHT. Unknown exact times. Current weather dependent. 

#HurricaneDorian #JaxReady #JacksonvilleFL",0,0,"[['TONIGHT', 165, 172]]",[],[],[],[],nicole,0,1,0,0,0,0,1,0,0
513,"Hurricane Kit FAIL! #SMH 
Mine resembles the one w/the generator, but w/more food&water &my tub full of water. Thewon't flush itself pic.twitter.com/RaNypLAWxy",0,1,"[['FAIL', 14, 18], ['SMH', 21, 24]]","[['!', 18, 19]]",[],[],[],nicole,1,1,0,0,0,0,1,0,0
514,"Hurricane Michael Tips: Keep your car in the highest ground possible, away from trees, water and potential debris. Remove electronics, accessories and personal property from your car. Even better - park in a secure city parking lot above ground.",0,0,[],[],"[['possible', 60, 68]]",[],[],nicole,0,0,1,0,0,0,1,0,0
515,Blazing Hot! Etisalat Free MB For Complete 12 Months: Etisalat Is Giving out 100MB on TECNO Q1 here is the Ime... http://t.co/AVzsYIe1nT,1,0,[],"[['!', 11, 12]]",[],[],[],nicole,1,0,0,0,0,0,1,0,0
516,"Hurricane Matthew: Family rescued from car rooftop: A family is rescued after being stranded on top of their car, following flooding ...",0,0,[],[],[],[],[],nicole,0,0,0,0,0,0,1,0,0
517,This happen EVERY TIME it floods!! ‚Äú@joeimel: BGFD dispatched to car stuck in high water behind McDonald‚Äôs. The driver is still in the car.‚Äù,0,1,"[['EVERY', 12, 17], ['TIME', 18, 22]]","[['!!', 32, 34]]",[],[],[],nicole,1,1,0,0,0,0,1,0,0
518,Dramatic body cam shows police rushing to save shelter animals from wildfires http://www.msn.com/en-us/video/animals/dramatic-body-cam-shows-police-rushing-to-save-shelter-animals-from-wildfires/vi-BBLTaou?ocid=ob-tw-enus-1521842279219¬†‚Ä¶pic.twitter.com/FbKxMHU8qr,0,0,[],[],[],[],[],nicole,0,0,0,0,0,0,1,0,0
519,"Please remember that over 25% of the families impacted by Hurricane Dorian are also dealing with a family member with special needs or extraordinary challenges. There can be severe consequences to life in such times of emergency, anything from safety to medicines is affected.",0,1,[],[],[],[],[],nicole,0,0,0,0,0,0,1,0,0
520,"The proportion of patients spending over 4 hours in A&amp;E has substantially increased in recent years. Are waiting lists, ambulance data and staffing levels meeting targets? Find the latest statistics on the performance of the #NHS in our briefing https://t.co/yAnNLcEGsW https://t.co/W6F6EiHoNb",0,0,[],[],[],[],[],nicole,0,0,0,0,0,0,1,0,0
521,"Jim Bakker says hurricanes are God's judgment, urges you to buy his nasty doomsday food http://www.huffingtonpost.com/entry/jim-bakker-hurricane-doomsday-food_us_59af847be4b0354e440d93dd?ncid=engmodushpmg00000004¬†‚Ä¶ via @HuffPostMedia",0,1,[],[],[],[],[],nicole,0,0,0,0,0,0,1,0,0
522,"i mean is it industrial pollution, cars, wildfires, all of the above?",0,0,[],[],[],[],[],nicole,0,0,0,0,0,0,1,0,0
523,[Emergency Mgmt] Gimme Shelter: Keeping Homeless Warm in a Blizzard is Easier Said Than Done http://dlvr.it/KNFNyM¬†,0,0,[],[],[],"[['Homeless', 40, 48]]",[],nicole,0,0,0,1,0,0,1,0,0
524,"Time to pay attention to Hurricane Dorian: Fill your car with gas, have non-perishable food supplies on hand for at least 72 hours, & secure all loose objects around your home. This system will pass us in the middle of the night this coming Saturday https://weather.gc.ca/hurricane/statements_e.html …",0,1,[],[],[],[],[],nicole,0,0,0,0,0,0,1,0,0
525,"Floridians should continue to be prepared with at least a 7 day supply of food, water, and medicine #FLPrepares – much of the state is in Hurricane Dorian’s projected path
#HurricaneDorian",0,0,[],[],"[['should', 11, 17]]",[],[],nicole,0,0,1,0,0,0,1,0,0
526,Everyone is stocking up on food and supplies for hurricane Dorian and I’m just out here buying hair products. #LivingMyBestLife #HurricaneDorian2019 #NoWorries,0,0,[],[],[],[],[],nicole,0,0,0,0,0,0,1,0,0
527,"lit cigarette can set a car on fire
In some specific areas on a car, a spark can make it explode
Though guy with lousy car and good insurance might torch his own...
 Without evidence of fraud, yes, I see wildfire as reasonable",0,1,[],[],"[['can', 14, 17], ['can', 77, 80], ['might', 142, 147]]",[],[],nicole,0,0,1,0,0,0,1,0,0
528,"Have you ever seen the President 
who killed your wounded child?
Or the man that crashed your sister's plane 
claimin' he was sent of God?",1,0,[],[],[],[],[],nicole,0,0,0,0,0,0,1,0,0
529,Palestinians protest against cartoon insulting Islam's prophet in France https://t.co/bE5J57X6qI,1,0,[],[],[],[],[],nicole,0,0,0,0,0,0,1,0,0
530,"Are you Prepared?
As Hurricane Matthew Nears the East Coast People are in need of water, food, and Gasoline, they... http://fb.me/5ClTVdyqw ",0,0,[],[],[],[],[],nicole,0,0,0,0,0,0,1,0,0
531,We've all been snow bound due to the blizzard of 2016. This causes us to take in more junk and process foods than... http://fb.me/4K4b6lSSv¬†,0,0,[],[],[],[],[],nicole,0,0,0,0,0,0,1,0,0
532,I wanna go back to New Orleans so bad  I wanna stroll down the French quarter and eat good food and drink hurricanes ,0,1,[],[],[],[],[],nicole,0,0,0,0,0,0,1,0,0
533,Hey #movietheatre mass murderer wanna-be we don't play that shit in the #615!,0,1,[],[],[],[],"[['shit', 60, 64]]",nicole,0,0,0,0,1,0,1,0,0
534,Evacuation again. Large hail. Tornado. Worried about my car. :(,0,1,[],[],[],[],[],nicole,0,0,0,0,0,0,1,0,0
535,My heart goes out to the Florida residents that decided to ride out Hurricane Matthew. http://ow.ly/PCcS304Y76n  #nickimicheaux #disaster,0,1,[],[],[],[],[],nicole,0,0,0,0,0,0,1,0,0
536,"Many enjoy the freedom of Not owning a vehicle,
some wish they had one.
either way, how do u escape from a town during a sudden #wildfire w/o one?",0,0,[],[],[],[],[],nicole,0,0,0,0,0,0,1,0,0
537,Heavy Israeli shelling of the Gaza Strip https://t.co/PiWy2W6rQU,1,0,[],[],[],[],[],nicole,0,0,0,0,0,0,1,0,0
538,"Kingston, Jamaica 5am. Just came from the store - got some water and tin food. Hurricane Matthew… https://www.instagram.com/p/BLBKiDOj-Wx/ ",0,0,[],[],[],[],[],nicole,0,0,0,0,0,0,1,0,0
539,All I could do was laugh while walking to my car in this flood #mtsu,0,1,[],[],"[['could', 6, 11]]",[],[],nicole,0,0,1,0,0,0,1,0,0
540,@StevenOnTwatter @PussyxDestroyer just order a blizzard pay then put your nuts in it say they have you ball flavored. Boom free ice cream,1,1,[],[],[],[],[],nicole,0,0,0,0,0,0,1,0,0
541,"Blizzard Of 2016: 8 Healthy Comfort Food Recipes, Without A Side Of Guilt http://bit.ly/1SCcfzz¬† #health #child",0,0,[],[],[],[],[],nicole,0,0,0,0,0,0,1,0,0
542,You gotta be a special type of trash to tow cars in a blizzard,0,1,[],[],[],[],[],nicole,0,0,0,0,0,0,1,0,0
543,Yesterday after getting back home after Hurricane Michael we were driving around looking for stations with gas and somewhere to get food then my hubby pulled out his bag of pumpkin reeses they may have been melted but omg it was just what I needed!,0,1,[],"[['!', 247, 248]]","[['may', 193, 196]]",[],[],nicole,1,0,1,0,0,0,1,0,0
544,Emergency units simulate a chemical explosion at NU - Evanston Now http://t.co/kfyEbhb3DI,0,0,[],[],[],[],[],nicole,0,0,0,0,0,0,1,0,0
545,I haven't heard Trump talking very much about the people devastated by Hurricane Michael. There are people who need food and water.,0,1,[],[],[],[],[],nicole,0,0,0,0,0,0,1,0,0
546,California wildfire destroys more homes but crews advance http://t.co/7XQ8JrtL7I Free tool online http://t.co/J90dT2qnXb,0,0,[],[],[],[],[],nicole,0,0,0,0,0,0,1,0,0
547,"#Earthquake M5.4 Laos (Thailand) 7mins ago 20 Nov 21:04 UTC - report/info: 
https://t.co/jJwH1S4G86",1,0,[],[],[],[],[],nicole,0,0,0,0,0,0,1,0,0
548,"The week I buy a new car, there's a fucking hurricane ",0,0,[],[],[],[],"[['fucking', 36, 43]]",nicole,0,0,0,0,1,0,1,0,0
549,my cat wasn't feeling good so i drove through this blizzard to pick up medicine and toys #momgoals,0,0,[],[],"[['feeling', 14, 21]]",[],[],nicole,0,0,1,0,0,0,1,0,0
550,"I wanna be able to ride my boat down the streets. With hurricane sandy, my dreams can come true.",0,1,[],[],[],[],[],nicole,0,0,0,0,0,0,1,0,0
551,"""No Food, No FEMA: Hurricane Michael’s Survivors Are Furious""  https://thebea.st/2IV0u6C?source=twitter&via=desktop … via @thedailybeast",0,0,[],[],[],[],[],nicole,0,0,0,0,0,0,1,0,0
552,"U.S. President Donald Trump surveyed the damage from Hurricane Michael and met with survivors on Monday, saying food and housing were the top priorities for those hit in #Florida's storm-ravaged #Panhandle.",0,0,[],[],[],[],[],nicole,0,0,0,0,0,0,1,0,0
553,"This wonderful lady is so right and so dead on in her description of Donald Trump s mission You will Love her!  Democrats FAILED, they care about the inner city when its election time ",1,1,"[['FAILED', 122, 128]]",[],[],"[['wonderful', 5, 14]]",[],nicole,0,1,0,1,0,0,1,0,0
554,ONLY DAREDEVILS RIDE THE EXTREME RIDES AT SEA WORLD DURING A HURRICANE.,0,1,"[['ONLY', 0, 4], ['DAREDEVILS', 5, 15], ['RIDE', 16, 20], ['THE', 21, 24], ['EXTREME', 25, 32], ['RIDES', 33, 38], ['AT', 39, 41], ['SEA', 42, 45], ['WORLD', 46, 51], ['DURING', 52, 58], ['A', 59, 60], ['HURRICANE', 61, 70]]",[],[],[],[],nicole,0,1,0,0,0,0,1,0,0
555,Spent 40 minutes getting kids into the car for dinner. A hurricane literally arrived in the time it took. #HurricaineHarvey,0,1,[],[],[],[],[],nicole,0,0,0,0,0,0,1,0,0
556,This goes out to all the Californians driving electric cars for the past 10 years saving emissions so the wildfires can do there thing this year. We appreciate you,0,1,[],[],"[['can', 116, 119]]",[],[],nicole,0,0,1,0,0,0,1,0,0
557,Pets taking shelter in Knoxville from Hurricane Dorian need a home  https://www.wvlt.tv/content/news/Pets-taking-shelter-from-Hurricane-need-a-home--559362681.html …,0,0,[],[],[],[],[],nicole,0,0,0,0,0,0,1,0,0
558,Tornado Steals Fast Food [Video] http://2leep.com/news/173103/,0,0,[],[],[],[],[],nicole,0,0,0,0,0,0,1,0,0
559,Kids are inundated with images and information online and in media and have no way to deconstruct. - Kerri Sackville #TMS7,1,0,[],[],[],[],[],nicole,0,0,0,0,0,0,1,0,0
560,"Nearly 1 Million Cars Destroyed by Hurricane Harvey, Used Car Market in US Feels The Brunt http://androidmarvel.com/2017/09/01/1679/hurricane-harvey-destroyed-million-cars/¬†‚Ä¶ via @andromarvel",0,0,[],[],"[['Feels', 75, 80]]",[],[],nicole,0,0,1,0,0,0,1,0,0
561,Late night shopping tomorrow night (open till 8pm) - the car park will be flood lit so if you want to come and... http://fb.me/1TsC3Qt3Z¬†,0,0,[],[],[],[],[],nicole,0,0,0,0,0,0,1,0,0
562,Blizzard Rule #1. Never wait until the last minute to shovel your car out. I see a lot of cold and frustrated folks this morning.,0,1,[],[],[],[],[],nicole,0,0,0,0,0,0,1,0,0
563,Hurricane Matthew: Family rescued from car rooftop: A family is rescued after being stranded on top of their ... http://cur.lv/12z3q1 ,0,0,[],[],[],[],[],nicole,0,0,0,0,0,0,1,0,0
564,"Hurricane Sandy is Serious Remember if your home isn't safe for you it isn't safe for pets Bring your pets with you, bring food water, meds",0,1,[],[],[],[],[],nicole,0,0,0,0,0,0,1,0,0
565,#MissionHills CA #Nursing : Registered Nurse - Emergency Department ( Full Time... at Providence Health &amp; Services http://t.co/Z5grLREy6V,1,0,[],[],[],[],[],nicole,0,0,0,0,0,0,1,0,0
566,"5 Ways to Ride Out Hurricane Sandy: 
Hurricane Sandy is one angry girl. And as she makes her way ashore, she’s c... http://adf.ly/E9fcx ",0,0,[],[],[],[],[],nicole,0,0,0,0,0,0,1,0,0
567,"""Today, my dad decided to start preparing for Hurricane Sandy by buying $300 worth of long-life and canned food. We live in Australia. FML""",0,0,[],[],[],[],[],nicole,0,0,0,0,0,0,1,0,0
568,Nasa scientists hail Perseverance rover's arrival on Mars with stunning images https://t.co/Yt834noruB,1,0,[],[],[],"[['stunning', 63, 71]]",[],nicole,0,0,0,1,0,0,1,0,0
569,Haitians flee homes in search of shelter as Hurricane Matthew closes in #matthew #haiti. http://yahoonewsdigest-us.tumblr.com/151330005524 ,0,0,[],[],[],[],[],nicole,0,0,0,0,0,0,1,0,0
570,"Brutal blizzard Jonas bites: 8,300 flights axed; Cars stranded for hours in Kentucky; More‚Ä¶ http://Sharrit.net/brutal-blizzard-jonas-bites-8300-flights-axed-cars-stranded-for-hours-in-kentucky-more-than-a-foot-of-snow-in-dc-three-inches-an-hour-in-nyc-as-authorities-tell-85-million-to-stay-inside/¬†‚Ä¶pic.twitter.com/1e2fqxR0H1",0,0,[],[],[],[],[],nicole,0,0,0,0,0,0,1,0,0
571,"There's no better way to celebrate Labor Day in Florida than preparing for a hurricane!
DO NOT BE CAUGHT WEARING WHITE SHOES IN THE SHELTER! https://twitter.com/B_Carp01/status/904682281519939584¬†‚Ä¶",0,1,"[['DO', 88, 90], ['NOT', 91, 94], ['BE', 95, 97], ['CAUGHT', 98, 104], ['WEARING', 105, 112], ['WHITE', 113, 118], ['SHOES', 119, 124], ['IN', 125, 127], ['THE', 128, 131], ['SHELTER', 132, 139]]","[['!', 139, 140], ['!', 86, 87]]",[],[],[],nicole,1,1,0,0,0,0,1,0,0
572,Caribbean prepares for 155mph Hurricane Matthew: Food stores see long queues as people on the Car... http://bit.ly/2dFiar6  #foodawards,0,0,[],[],[],[],[],nicole,0,0,0,0,0,0,1,0,0
573,@AutoBlog #News- Florida man parks Smart car in kitchen to save it from Hurricane Dorian https://www.autoblog.com/2019/09/05/hurricane-dorian-smart-car-in-kitchen/ …,0,0,[],[],[],[],[],nicole,0,0,0,0,0,0,1,0,0
574,when you don't know which way an ambulance is coming from &lt;&lt;,0,1,[],[],[],[],[],nicole,0,0,0,0,0,0,1,0,0
575,"New Yorkers are finding shelter in their own homes to keep safe from hurricane Sandy. Because, you know, YOLO.",0,1,[],[],[],[],[],nicole,0,0,0,0,0,0,1,0,0
576,Hurricane Sandy & Seamless Food Ordering http://ow.ly/ePQ1p ,0,0,[],[],[],"[['Seamless', 18, 26]]",[],nicole,0,0,0,1,0,0,1,0,0
577,"Clearly, rebuilding, building code must change to withstand another Dorian+
But right now emergency housing needs to be flown in,  erected and utilities connected

The future is uncertain for 70,000 in the Bahamas left homeless by Hurricane Dorian
https://www.cnn.com/2019/09/08/us/bahamas-dorian-homeless-relief/index.html …",0,1,[],[],[],"[['homeless', 219, 227]]",[],nicole,0,0,0,1,0,0,1,0,0
578,"Houston-Area Restaurants & Bars Closed, Open And Running Specials For Hurricane Harvey - Houston Food Finder http://fb.me/BSjW2pgE¬†",0,0,[],[],[],[],[],nicole,0,0,0,0,0,0,1,0,0
579,@MacBreck I know what it means.It means I'll go on Twitter and obliterate any CHANCE of EVER winning another election for Pres.bad at math.,1,1,"[['CHANCE', 78, 84], ['EVER', 88, 92]]",[],[],[],[],nicole,0,1,0,0,0,0,1,0,0
580,First time im witnessing floods in my hood. Wow. Could literally see the water level up to my cars window. Was so freaked out.,0,1,[],[],"[['Could', 49, 54]]",[],[],rachelle,0,0,1,0,0,0,0,1,0
581,Ready to ride! #skidoo #summit #800 #mbrp #blizzard #snowday #hashtag https://www.instagram.com/p/BBTHSgerb6E/¬†,0,1,[],"[['!', 13, 14]]",[],[],[],rachelle,1,0,0,0,0,0,0,1,0
582,".@Judgenap: Samsung allowed British intelligence to spy on Americans through their televisions pic.twitter.com/kHkNt0s8Ar  FOX & friends (@foxandfriends) March 9, 2017",1,0,[],[],[],[],[],rachelle,0,0,0,0,0,0,0,1,0
583,"The UN climate change report ""describes a world of worsening food shortages and wildfires, and a mass die-off of coral reefs as soon as 2040 ‚Äî a period well within the lifetime of much of the global population""  https://nyti.ms/2Cw5MF8¬†",0,0,[],[],[],"[['worsening', 51, 60]]",[],rachelle,0,0,0,1,0,0,0,1,0
584,After shooting event at the theater @Starbucks is giving FREE COFFEE to all first responders police &amp; firefighters. AntiochHickoryHollow#TN,0,0,"[['FREE', 57, 61], ['COFFEE', 62, 68]]",[],[],[],[],rachelle,0,1,0,0,0,0,0,1,0
585,prayers for all of the islands in irmas path hurricanes are scary here and much scarier when you don't have forecasts or shelter/anything,0,1,[],[],[],[],[],rachelle,0,0,0,0,0,0,0,1,0
586,"Hurricane Dorian is approaching, now a CAT 5. With little to stop, I hope everyone in Carolina stays safe, and takes shelter.",0,1,[],[],"[['hope', 69, 73]]",[],[],rachelle,0,0,1,0,0,0,0,1,0
588,"Hygiene kits, medicine and supplies being flown to Bahamas after Hurricane Dorian https://ift.tt/2A0X0vy  #FoxNews #HurricaneWatch",0,0,[],[],[],[],[],rachelle,0,0,0,0,0,0,0,1,0
589,I'm hungry i have no food and there's flood outside it's dirty so no,0,1,[],[],[],[],[],rachelle,0,0,0,0,0,0,0,1,0
590,Hey @weatherchannel not a very safe image your reporter is portraying on live TV climbing around rail cars overturned by Hurricane Michael in Panama City. Where is your railroad safety escort? @olinational,0,1,[],[],[],[],[],rachelle,0,0,0,0,0,0,0,1,0
591,@BritishRedCross: After Hurricane Matthew hospitals are overflowing. Families need shelter &clean water. Help! http://bit.ly/2dYOllm ,0,0,[],"[['!', 109, 110]]",[],[],[],rachelle,1,0,0,0,0,0,0,1,0
592,"I wonder how @RoKhanna and @PramilaJayapal sleep at night when they have never once spoken out about what is being done to their Hindu sisters &amp; brothers in Pakistan. 
Hindu girls are kidnapped, assaulted, lynchings of Hindu boys. Have they no conscience?! https://t.co/pYPb9Ncn5H",1,1,[],[],[],[],[],rachelle,0,0,0,0,0,0,0,1,0
593,"People can donate towards the animal relief efforts for Hurricane Dorian at the following organizations...

Grand Bahama Humane Society: https://thekohnfoundation.org/donate.php 

The Abaco Shelter: http://abacoshelter.org ... https://www.facebook.com/mannyotr/posts/1204466933095099 …",0,0,[],[],"[['can', 7, 10]]",[],[],rachelle,0,0,1,0,0,0,0,1,0
594,11 puncture wounds,1,0,[],[],[],[],[],rachelle,0,0,0,0,0,0,0,1,0
595,"I liked a @YouTube video http://youtu.be/ZXB0e0rCaEY?a  Hurricane Michael: Damage, 1,000's Missing, No Food, Water, Help? It's All Very",0,0,[],[],[],[],[],rachelle,0,0,0,0,0,0,0,1,0
596,One of my friends lost his car & the other lost his apartment.. This is the most devastating tornado we've ever had.,0,1,[],[],[],"[['devastating', 81, 92]]",[],rachelle,0,0,0,1,0,0,0,1,0
597,@BldrCOSheriff says 2nd grenade found is 'younger' that WWII era grenade found earlier. They'll detonate it at 8:00 tonight. @CBSDenver,0,0,[],[],[],[],[],rachelle,0,0,0,0,0,0,0,1,0
598,"He's really concerned about the Americans in the path of Hurricane Dorian, so he invited them all to join him to play golf there to ride out the storm. I guessed they missed the message...  Such a douche bag!",0,1,[],"[['!', 207, 208]]","[['guessed', 154, 161]]",[],"[['douche bag', 197, 207]]",rachelle,1,0,1,0,1,0,0,1,0
600,"Hurricane Michael, the third most intense storm on record to make landfall in the U.S., has caused widespread destruction, turning places like Mexico Beach, Florida, into a hellscape of broken homes and overturned cars. It will be a while before we... https://bit.ly/2pSh5iX ",0,1,[],[],[],[],[],rachelle,0,0,0,0,0,0,0,1,0
601,New crime: knowing your rights. Punishable by death,1,1,[],[],[],[],[],rachelle,0,0,0,0,0,0,0,1,0
602,taking shelter from the tornado in the swim locker rooms during HBA= AWESOME!,0,1,"[['AWESOME', 69, 76]]","[['!', 76, 77]]",[],[],[],rachelle,1,1,0,0,0,0,0,1,0
603,A young German stormtrooper engaged in the Battle of the Somme 1916. [800 ÌÑ 582 ] http://t.co/yxvMifLvc4,0,0,[],[],[],[],[],rachelle,0,0,0,0,0,0,0,1,0
604,"A new report from the @UN‚Äôs scientific panel on climate change describes a world of worsening food shortages and wildfires, and a mass die-off of coral reefs as soon as 2040 ‚Äî a period well within the lifetime of much of the global population. https://www.nytimes.com/2018/10/07/climate/ipcc-climate-report-2040.html¬†‚Ä¶",0,0,[],[],[],"[['worsening', 86, 95]]",[],rachelle,0,0,0,1,0,0,0,1,0
605,Social Media Thinks Trump Is “Deep Into His Degenerative Neurological Disease” After Resurfaced Video Shows Him Looking Lost And Disoriented https://t.co/x83Dlho9tJ,1,0,[],[],"[['Thinks', 13, 19]]",[],[],rachelle,0,0,1,0,0,0,0,1,0
606,@ElevationCycles where is good to ride after the floods? Keen to bust out my trek superfly!,0,1,[],"[['!', 90, 91]]",[],[],[],rachelle,1,0,0,0,0,0,0,1,0
607,"#Harvey does something rare for major hurricane, & it could take #oil prices on an unusual ride http://cnb.cx/2weJPGt¬† via (@TradingNation)",0,0,[],[],"[['could', 54, 59]]",[],[],rachelle,0,0,1,0,0,0,0,1,0
608,"The more people wear masks, the more protected we all are from #COVID19. 

Sneezing, talking and coughing all spread germs through the air. Masks act like a barrier to help stop your germs from spreading. https://t.co/EfGMpvlvkW #StayHomeMN",1,0,[],[],[],[],[],rachelle,0,0,0,0,0,0,0,1,0
609,"Hello Emma, great to see that! It's spreading like wildfire! Hope the storage will be successfull and it will contribute to food and nutrition security and income. @oursweetpotato",0,1,[],"[['!', 29, 30]]","[['Hope', 61, 65]]","[['successfull', 86, 97]]",[],rachelle,1,0,1,1,0,0,0,1,0
610,"The death toll from the #measles epidemic in #Samoa has risen to 32, of which 28 (87.5%) are children under four. This avoidable tragedy must serve as a wake-up call that #vaccine refusal and low immunization rates can have a devastating impact. https://t.co/KfuLJX2Lqo",1,1,[],[],[],[],[],rachelle,0,0,0,0,0,0,0,1,0
611,"Prime with one, boost with another. Depends on what the 'best' means: vaccination that allows mild infection and minimal transmission would be a good vaccine. Or come back with a better vaccine.!What if the First Coronavirus Vaccines Aren’t the Best? https://t.co/EE8dvDfSaG",1,1,[],"[['!', 194, 195]]","[['would', 134, 139]]",[],[],rachelle,1,0,1,0,0,0,0,1,0
612,TempHome is on alert & ready to find temporary housing for those impacted by Hurricane Matthew. Call 888-229-0631 http://www.temphome.com ,0,0,[],[],[],[],[],rachelle,0,0,0,0,0,0,0,1,0
613,"Wildfire 07 participated in the Turkey Bowl presented by ""Neighbors Helping Neighbors"" over the Thanksgiving Weekend. It was a tremendous fundraiser with a ton of toys, food and winter coats donated - as well as some great soccer being played pic.twitter.com/TgvHdALjlt",0,1,[],[],[],[],[],rachelle,0,0,0,0,0,0,0,1,0
614,Hurricane Matthew weakens off US coast as death toll rises: Georgia: Hurricane Matthew slammed into South Car... http://jftb.a.boysofts.com/3p9w ,0,0,[],[],[],[],[],rachelle,0,0,0,0,0,0,0,1,0
615,The last huge Texas evacuation looked terrifying w/motorist trapped in cars for miles & miles w/fire n the air as the hurricane came ashore.,0,1,[],[],[],"[['terrifying', 38, 48]]",[],rachelle,0,0,0,1,0,0,0,1,0
616,After sacrificing thousands of lawn mowers my car has gas. Fuck this hurricane warning.,0,1,[],[],[],[],"[['Fuck ', 59, 64]]",rachelle,0,0,0,0,1,0,0,1,0
617,"I think anybody that decided to ride this Hurricane out from  Padre Island, CC area to maybe Sargent, area is going to regret it! :-(",0,1,[],"[['!', 128, 129]]","[['think', 2, 7], ['maybe', 87, 92]]",[],[],rachelle,1,0,1,0,0,0,0,1,0
618,A 6-year-old was saving his money to go to Disney World. He spent it buying food for Hurricane Dorian evacuees instead.  https://www.cnn.com/2019/09/04/us/boy-used-disney-money-to-feed-dorian-evacuees-trnd/index.html …,0,0,[],[],[],[],[],rachelle,0,0,0,0,0,0,0,1,0
619,n #SFla - Pets cope with Hurricane Matthew at a storm shelter just for them http://ow.ly/cixX505bR6B ,0,0,[],[],[],[],[],rachelle,0,0,0,0,0,0,0,1,0
620,TERRIFYING Visuals of Natures Fury from Dharamshala 😱😰😰 #Dharamshala #Mcleodganj https://t.co/fnduJQSF05,1,1,"[['TERRIFYING', 0, 10]]",[],[],"[['TERRIFYING', 0, 10]]",[],rachelle,0,1,0,1,0,0,0,1,0
621,Astonishing clip captures Great White shark leaping through the air in front of boat tour in Australia https://t.co/CkqCMXHIqd https://t.co/lDdWO7ovtG,1,1,[],[],[],"[['Astonishing', 0, 11]]",[],rachelle,0,0,0,1,0,0,0,1,0
622,"¡Desgraciados!  No food, no FEMA: Hurricane Michael’s survivors are furious - The Daily Beast https://apple.news/APp4E5UMtQT2ULJVMPM0ovw …",0,1,[],"[['¡', 0, 1], ['!', 13, 14]]",[],[],[],rachelle,1,0,0,0,0,0,0,1,0
623,Chick masturbates a guy until she gets exploded on her face &gt; http://t.co/5QhoeHE9hf,0,0,[],[],[],[],[],rachelle,0,0,0,0,0,0,0,1,0
624,#breakingnews Rly tragedy in MP: Some live to recount horror: ÛÏWhen I saw coaches of my train plunging into wa... http://t.co/eYOrBmF3O3,0,1,[],[],[],[],[],rachelle,0,0,0,0,0,0,0,1,0
625,"#WebQoof | A blueprint of the University of Virginia Hospital in the US is being shared with a false claim that the Sunni Waqf Borad has decided to construct ""Babri Hospital"" on the land allotted to them by the Supreme Court. 

https://t.co/9USxP3xDMc",1,1,[],[],[],[],[],rachelle,0,0,0,0,0,0,0,1,0
626,"#climate#warning ""A landmark report from the United Nations released Monday said the consequences of climate change could be far more dire and arrive sooner than anticipated: food shortages and wildfires, and a mass die-off of coral reefs as soon as 2040. @nytimes",0,0,[],[],"[['could', 116, 121]]",[],[],rachelle,0,0,1,0,0,0,0,1,0
627,"Tell me why or why not
to adopt in this way
maybe I overlooked something
fatal for me
?whyor why not?",1,1,[],[],"[['maybe', 44, 49]]",[],[],rachelle,0,0,1,0,0,0,0,1,0
628,"After Patna SP Vinay Tiwari, investigating Sushant Singh Rajput's death, was quarantined in Mumbai, a social media claim falsely suggests that he was appointed by the CBI. #AltNewsFactCheck | @ArchitMeta 

https://t.co/UYXJLgGZWJ",1,1,[],[],"[['suggests', 129, 137]]",[],[],rachelle,0,0,1,0,0,0,0,1,0
629,"So, Tobacco kills more than murder, car crashes, skydiving, floods and fires COMBINED.",0,1,"[['COMBINED', 77, 85]]",[],[],[],[],rachelle,0,1,0,0,0,0,0,1,0
630,Ok we are being forced to seek shelter in the first floor hallway #Tornado,0,0,[],[],[],[],[],rachelle,0,0,0,0,0,0,0,1,0
631,So apparently we are going over to my aunts house to try and ride out hurricane Michael,0,0,[],[],"[['apparently', 3, 13]]",[],[],rachelle,0,0,1,0,0,0,0,1,0
632,@FoxNews @deBlasioNYC Let's hope most people have shelter during the blizzard of '16.,0,0,[],[],"[['hope', 28, 32]]",[],[],rachelle,0,0,1,0,0,0,0,1,0
633,Mulvaney says military aid to Ukraine was held up due to unspecified concerns about corruption. But the Pentagon already had declared Ukraine had met criteria on anti-corruption and the aid  — appropriated by Congress — would go forward.  https://t.co/YtdM1qTRRL,1,0,[],[],"[['would', 220, 225]]",[],[],rachelle,0,0,1,0,0,0,0,1,0
634,The Trend: Pelican seeks shelter from Hurricane Matthew http://abc7ny.com/entertainment/the-trend-pelican-seeks-shelter-from-hurricane-matthew/1544621/ …,0,0,[],[],[],[],[],rachelle,0,0,0,0,0,0,0,1,0
635,"In support of the tragic events of Hurricane Dorian, we are happy to announce we will donate $0.10 for every person who Shares this post to help spread awareness. ⁣
Donations will be put towards food, water,… https://www.instagram.com/p/B2CcZkvB7gJ/?igshid=10nedvbxtlhya …",0,0,[],[],[],[],[],rachelle,0,0,0,0,0,0,0,1,0
636,"Wow... #Prayers #Prayers #Prayers  Five people burned alive in their cars in Northern California wildfire
https://dailym.ai/2PKRJ57¬†",0,1,[],[],[],[],[],rachelle,0,0,0,0,0,0,0,1,0
637,Hurricane Matthew (Pet friendly) shelter and evacuation information http://at.wftv.com/2cVWgz3  via @WFTV,0,0,[],[],[],[],[],rachelle,0,0,0,0,0,0,0,1,0
638,"Fearing Hurricane Matthew, Florida Family Parks Car in Living Room to Protect It https://www.yahoo.com/gma/fearing-hurricane-matthew-florida-family-parks-car-living-162406868--abc-news-topstories.html …",0,0,[],[],[],[],[],rachelle,0,0,0,0,0,0,0,1,0
639,Hurricane Matthew Hampton Roads Virginia. Flooded Cars And Roads Don't Drown Turn Around! https://goo.gl/hXIHTE ,0,0,[],"[['!', 88, 89]]",[],[],[],rachelle,1,0,0,0,0,0,0,1,0
640,"Your blizzard grocery list, managing food without power, winterizing your home, staying warm, and much more. http://fb.me/24oZiczYn¬†",0,0,[],[],[],[],[],rachelle,0,0,0,0,0,0,0,1,0
641,Bald eagle rescued from car grill after Matthew passes - In the aftermath of Hurricane Matthew's path through F... http://ow.ly/1JcY505gsNd ,0,0,[],[],[],[],[],rachelle,0,0,0,0,0,0,0,1,0
642,"And two days after this report is released -- warning of an ""apocalyptic"" future with ""rising sea levels, disruptions in food productions and the spread of wildfires"" where ""no facet of life will be safe"" -- it's gone from the front page of Google News https://www.cbsnews.com/news/national-climate-assessments-most-shocking-climate-change-warnings/¬†‚Ä¶pic.twitter.com/U2MrRs4pfU",0,0,[],[],[],"[['shocking', 316, 324]]",[],rachelle,0,0,0,1,0,0,0,1,0
643,during drag me down last night I was screaming 'shell of a mannequin' instead of 'shell of a man' and I think everyone hated me there,1,1,[],[],"[['think', 104, 109]]",[],[],rachelle,0,0,1,0,0,0,0,1,0
644,China testing it's new autonomous electric train that does not need traditional tracks.  (New China) #Innovation #Transportation #EV https://t.co/UsJx2XL3PI,1,0,[],[],[],[],[],rachelle,0,0,0,0,0,0,0,1,0
645,THE HURRICANE TOOK MY HOUSE AND CAR AND EVERYTHING I HAD LIKE FUCK IM WEARING A BRA,0,1,"[['THE', 0, 3], ['HURRICANE', 4, 13], ['TOOK', 14, 18], ['MY', 19, 21], ['HOUSE', 22, 27], ['AND', 28, 31], ['CAR', 32, 35], ['AND', 36, 39], ['EVERYTHING', 40, 50], ['I', 51, 52], ['HAD', 53, 56], ['LIKE', 57, 61], ['FUCK', 62, 66], ['IM', 67, 69], ['WEARING', 70, 77], ['A', 78, 79], ['BRA', 80, 83]]",[],[],[],"[['FUCK', 62, 66]]",rachelle,0,1,0,0,1,0,0,1,0
646,RT @SEBHEUPDATE: Hurricane Matthew: Family rescued from car rooftop http://bbc.in/2dDloMv  #SEBHEUPDATE,0,0,[],[],[],[],[],rachelle,0,0,0,0,0,0,0,1,0
647,If it looks like flood water it is bloody flood water so be a good chap and don't take a chance. Turn the motor car around Thanks awfully.,0,1,[],[],[],[],[],rachelle,0,0,0,0,0,0,0,1,0
648,Can it really be Classified as a Historical Blizzard&Snowfall when YOU CAN STILL SEE 1/2 THE TIRES ON ALL THE PARKED CARS!,0,1,"[['YOU', 67, 70], ['CAN', 71, 74], ['STILL', 75, 80], ['SEE', 81, 84], ['THE ', 89, 93], ['TIRES', 93, 98], ['ON', 99, 101], ['ALL', 102, 105], ['THE', 106, 109], ['PARKED', 110, 116], ['CARS', 117, 121]]","[['!', 121, 122]]",[],[],[],rachelle,1,1,0,0,0,0,0,1,0
649,"Dear bank and car company: Since this blizzard will likely destroy DC, feel free to forgive what I owe you. Thanks!",0,1,[],"[['!', 114, 115]]","[['feel', 71, 75]]",[],[],rachelle,1,0,1,0,0,0,0,1,0
650,"Holy crap, it's all happening.
   Climate change, wildfires, hurricanes...
   Dictatorships, mass shootings...
   Fossil fuel supply, energy uncertainty...
... all of which lead to food shortages, mass migration, refugees, civil unrest, civil war...
Get ready! https://twitter.com/cnnbrk/status/1060956850634539008¬†‚Ä¶",0,1,[],"[['!', 259, 260]]",[],[],"[['Holy crap', 0, 9]]",rachelle,1,0,0,0,1,0,0,1,0
652,Hurricane Matthew: Family rescued from car rooftop http://www.bbc.co.uk/news/world-us-canada-37602294 …,0,0,[],[],[],[],[],rachelle,0,0,0,0,0,0,0,1,0
653,Incredible footage - you are doing a major public service showing how bad an idea it is to ride out a major hurricane.,0,1,[],[],[],[],[],rachelle,0,0,0,0,0,0,0,1,0
654,"Wholesome Florida man

Florida man parks Smart car in kitchen over fear Hurricane Dorian would blow it away https://www.nbcnews.com/news/us-news/florida-man-parks-car-kitchen-concerned-it-would-blow-away-n1049676 …",0,1,[],[],"[['would', 89, 94], ['would', 188, 193]]",[],[],rachelle,0,0,1,0,0,0,0,1,0
655,"Of course Hillary cares about rape victims, unless they re tied to her husband, the serial pervert Hillary s ongoing war on women.Sounding like a schoolmarm disciplining a child, Hillary Clinton yelled down a heckler at a a rally in Dover. It turns out the woman who heckled Clinton was a GOP State Rep. from Derry. She was trying to ask about Juanita Broderrick s rape allegations against Bill Clinton.HERE S THE NASTY MOMENT:",1,1,"[['HERE', 403, 407], ['S', 408, 409], ['THE', 410, 413], ['NASTY', 414, 419], ['MOMENT', 420, 426]]",[],[],[],[],rachelle,0,1,0,0,0,0,0,1,0
656,"A video of Sikh protesters chanting pro-Pakistan slogans during a protest against the desecration of the Guru Granth Sahib in Kashmir has been falsely linked to the farmers' protest. #AltNewsFactCheck | @ArchitMeta 

https://t.co/9FMJRBjLyq",1,0,[],[],[],[],[],rachelle,0,0,0,0,0,0,0,1,0
657,"This is hysterical! I don t care who you support, this is NOT politics as usual! ",1,1,"[['NOT', 58, 61]]","[['!', 18, 19], ['!', 79, 80]]",[],[],[],rachelle,1,1,0,0,0,0,0,1,0
658,#floods #ukfloods - Jamaicans take shelter ready for 155mph Hurricane Matthew: The country's gove... https://binged.it/2dIjTYK  - #flooding,0,0,[],[],[],[],[],rachelle,0,0,0,0,0,0,0,1,0
659,Weapons: Twin Knives #OjouBot,1,0,[],[],[],[],[],rachelle,0,0,0,0,0,0,0,1,0
660,Hurricane Harvey: rescuers reach people trapped on vehicle roof as waters¬†rise http://bilgitorbasi.org/hurricane-harvey-rescuers-reach-people-trapped-on-vehicle-roof-as-waters-rise/¬†‚Ä¶,0,0,[],[],[],[],[],rachelle,0,0,0,0,0,0,0,1,0
661,The fact I gotta fly to Florida to drive my car back bc of hurricane Irma already drains me.,0,1,[],[],[],[],[],rachelle,0,0,0,0,0,0,0,1,0
662,I‚Äôve been close to a wildfire not this large scale but at least this intense. It can be compared to crawling inside a high wattage microwave while trying to flee inside your cars. It felt like hell on earth.,0,1,[],[],[],[],[],rachelle,0,0,0,0,0,0,0,1,0
663,"In a slow, relentless advance, a catastrophic Hurricane Dorian kept pounding at the northern Bahamas early Monday, as one of the strongest Atlantic storms ever recorded left wrecked homes, shredded roofs, tumbled cars and toppled power poles. http://bit.ly/2lrU9YQ ",0,0,[],[],[],"[['relentless', 11, 21]]",[],rachelle,0,0,0,1,0,0,0,1,0
664,Pets cope with Hurricane Matthew at a storm shelter just for them http://ln.is/www.miamiherald.com/wX4LR …,0,0,[],[],[],[],[],rachelle,0,0,0,0,0,0,0,1,0
665,@Health_for_you Dr. Besser's 3 Tips to Ride Hurricane Sandy Out Safely - ABC News (blog) http://abcn.ws/XHdyPR ,0,0,[],[],[],[],[],rachelle,0,0,0,0,0,0,0,1,0
666,"After PM Modi's video with peacocks surfaced online, several individuals began sharing his pictures with ducks. Congress also shared one such photo from 2012 in an attempt to criticise PM Modi for PR during COVID-19. #AltNewsFactCheck | @Pooja_Chaudhuri https://t.co/SLTCYaHttD",1,0,[],[],[],[],[],rachelle,0,0,0,0,0,0,0,1,0
667,“@billboard: Hurricane Sandy: 15 Songs to Ride Out the Storm – http://blbrd.co/Sou0D7  #sandy” #lol #tuneIn @hidzir @RafiDean,0,0,[],[],[],[],[],rachelle,0,0,0,0,0,0,0,1,0
668,"After battling car sickness, torrential downpours, flash flood warnings, and arena madness, I'm ready for a house party! #HousePartyTour",0,1,[],"[['!', 119, 120]]",[],[],[],rachelle,1,0,0,0,0,0,0,1,0
669,real floridians gunna ride this hurricane out if you evacuate ima boonk gang your crib,0,1,[],[],[],[],[],rachelle,0,0,0,0,0,0,0,1,0
670,"No food, no FEMA: Hurricane Michael’s survivors are furious - The Daily Beast/
This is what the President  #RepublicanParty #Republicans #GOP have to offer?
#VoteBlue #VoteNovember6th https://apple.news/APp4E5UMtQT2ULJVMPM0ovw …",0,1,[],[],[],[],[],rachelle,0,0,0,0,0,0,0,1,0
671,"No, the person who slapped Hardik Patel is not a Congressman

https://t.co/O7xWndY3TJ",1,0,[],[],[],[],[],rachelle,0,0,0,0,0,0,0,1,0
672,"Apparently this protester believes Americans should think twice before putting an accused serial rapist back into our White House:Protestor on Fox & Friends shouts ""Bill Clinton is a rapist!"" #BasementDwellers pic.twitter.com/9DPsTLanQu  Asa J   (@asamjulian) October 1, 2016Hillary has a different name for these women that most of us consider  victims :",1,0,[],"[['!', 189, 190]]","[['Apparently', 0, 10], ['should', 45, 51], ['believes', 26, 34], ['consider', 336, 344], ['think', 52, 57]]",[],[],rachelle,1,0,1,0,0,0,0,1,0
673,Ashes 4th Test: 10 Hilarious Twitter Reactions to Australia's collapse http://t.co/6DznEjuVD3 by @Absolut_Sumya15,1,0,[],[],[],[],[],rachelle,0,0,0,0,0,0,0,1,0
674,"@MHARMON03 @twe091097 
Florida man parks Smart car in kitchen so it won't blow away during Hurricane Dorian https://abc11.com/weather/man-parks-smart-car-in-kitchen-so-it-wont-blow-away-during-dorian/5516320/ … via @ABC11_WTVD",0,0,[],[],[],[],[],rachelle,0,0,0,0,0,0,0,1,0
675,USGS reports a M1.94 #earthquake 5km S of Volcano Hawaii on 8/6/15 @ 1:04:01 UTC http://t.co/Njd28pg9Xv #quake,0,0,[],[],[],[],[],rachelle,0,0,0,0,0,0,0,1,0
676,"To all my friends and contacts on the East Coast, -- Take care and find shelter looks like a direct hit by Hurricane Sandy !",0,1,[],"[['!', 123, 124]]",[],[],[],rachelle,1,0,0,0,0,0,0,1,0
677,@blazerfan not everyone can see ignoranceshe is Latinoand that is All she can ever benothing morebut an attack dog 4 a hate group GOP,1,1,[],[],"[['can', 24, 27], ['can', 74, 77]]",[],[],rachelle,0,0,1,0,0,0,0,1,0
679,I'm servicin in my section I'm lurkin I'm with my weapon,1,0,[],[],[],[],[],rachelle,0,0,0,0,0,0,0,1,0
680,HereÛªs how media in Pakistan covered the capture of terrorist Mohammed Naved http://t.co/3MtWh0jJns,0,0,[],[],[],[],[],rachelle,0,0,0,0,0,0,0,1,0
682,Former GOP presidential candidate Herman Cain dies at age 74 after battling coronavirus— Anita Vogel reports on his life tonight on @FoxNews #SpecialReport https://t.co/Jku7gXRxOJ,1,0,[],[],[],[],[],rachelle,0,0,0,0,0,0,0,1,0
683,"'We need to understand the art of living with corona. That art of living is very important as it is not a natural virus,' said the union minister in a TV interview https://t.co/wrKVlQKIk0",1,0,[],[],"[['understand', 12, 22]]",[],[],rachelle,0,0,1,0,0,0,0,1,0
684,#Trump’s bombast can’t mask his declining support. His threat to mobilize the army against the people was not idle. Ending the threat will require a conscious movement of the working class for socialism. #TrumpRallyFail https://t.co/WQAORPryJz,1,1,[],[],[],"[['declining', 32, 41]]",[],rachelle,0,0,0,1,0,0,0,1,0
685,Hurricane Matthew self-evacuation shelter list http://www.wfxg.com/story/33327575/hurricane-matthew-self-evacuation-shelter-list …,0,0,[],[],[],[],[],rachelle,0,0,0,0,0,0,0,1,0
686,The City of White Plains has declared a state of emergency due to Hurricane Sandy.  The city has opened a shelter... http://fb.me/2eEDuHfqa ,0,0,[],[],[],[],[],rachelle,0,0,0,0,0,0,0,1,0
687,@MayorofLondon pls reduce cyclist deaths with a compulsory highway code test as with EVERY OTHER VEHICLE that uses a road. #notrocketscience,0,1,"[['EVERY', 85, 90], ['OTHER', 91, 96], ['VEHICLE', 97, 104]]",[],[],[],[],rachelle,0,1,0,0,0,0,0,1,0
688,Tyson Foods Provides Relief from Hurricane Michael - https://bit.ly/2ykpT5y?utm_medium=social&utm_source=twitter_KNWAnews … #NWArk #NWAnews,0,0,[],[],[],[],[],rachelle,0,0,0,0,0,0,0,1,0
689,"Re suburbs/fire: at least the 2nd or 3rd car could be cut, with just having one car per household as a backup. Also, there might be pooling options, which might be even enforced during emergencies like a wildfire -> less crowded road, faster escape",0,1,[],[],"[['could', 45, 50], ['might', 123, 128], ['might', 155, 160]]",[],[],rachelle,0,0,1,0,0,0,0,1,0
690,"A 'Bhoomi Pujan' ceremony for the proposed #temple will be held on August 5 and is likely to be witnessed by a small group of attendees, including Prime Minister #NarendraModi 

https://t.co/vZfuslnvZR",1,0,[],[],"[['likely', 83, 89]]",[],[],rachelle,0,0,1,0,0,0,0,1,0
691,"Carolina Marines Ride Out Hurricane Dorian - USNI News
https://news.usni.org/2019/09/05/carolina-marines-ride-out-hurricane-dorian …pic.twitter.com/gzaHHbt3IB",0,0,[],[],[],[],[],rachelle,0,0,0,0,0,0,0,1,0
692,Get comfy!! It's gonna be a rough ride!! (@ Frankenstorm Apocalypse - Hurricane Sandy w/ 1779 others) http://4sq.com/Q0bwJS ,0,1,[],"[['!!', 9, 11], ['!!', 38, 40]]",[],[],[],rachelle,1,0,0,0,0,0,0,1,0
693,It looks bad! RT @TORNADOHUNT: Scariest tornado I've seen on radar all day. Take shelter in La Fayette & LaGrange http://twitpic.com/4qci50,0,1,[],"[['!', 12, 13]]",[],[],[],rachelle,1,0,0,0,0,0,0,1,0
694,So relived my Favorite went to Tennessee to ride out the Hurricane.  I was worried!,0,1,[],"[['!', 82, 83]]",[],[],[],rachelle,1,0,0,0,0,0,0,1,0
695,"after the Z car was submerged in the floods it now starts ... I am excited, just need to see if the rest is salvageable.",0,1,[],[],[],[],[],rachelle,0,0,0,0,0,0,0,1,0
696,Listening to Blowers and Tuffers on the Aussie batting collapse at Trent Bridge reminds me why I love @bbctms! Wonderful stuff! #ENGvAUS,1,1,[],"[['!', 109, 110], ['!', 126, 127]]",[],[],[],rachelle,1,0,0,0,0,0,0,1,0
698,"We evacuated for hurricane Rita and you know my 4 person family fit 2 cats, 2 dogs, and a bird in the car",0,0,[],[],[],[],[],rachelle,0,0,0,0,0,0,0,1,0
699,Cruise Ship Reroutes Trip To Deliver Food To Bahamas After Hurricane Dorian https://www.scarymommy.com/cruise-food-bahamas-hurricane-dorian/ …,0,0,[],[],[],[],[],rachelle,0,0,0,0,0,0,0,1,0
700,All of Ellis County engulfed in severe storm and a tornado is near I-45 headed toward Bristol. Take shelter.,0,0,[],[],[],[],[],rachelle,0,0,0,0,0,0,0,1,0
701,@petereallen @HuffPostUK @bbc5live How significant do you think the iconic pic of Church (maybe) ruins and less substantial efforts razed?,1,0,[],[],"[['think', 58, 63], ['maybe', 90, 95]]",[],[],rachelle,0,0,1,0,0,0,0,1,0
702,Hurricane Michael aftermath: Waffle House opens food truck in Panama City https://www.palmbeachpost.com/news/hurricane-michael-aftermath-waffle-house-opens-food-truck-panama-city/Hhzdsmsuyol9JbJzf451EI/ …,0,0,[],[],[],[],[],rachelle,0,0,0,0,0,0,0,1,0
703,"URGENT NEED FOR VOLUNTEERS 
AT NRG CENTER

NRG Center is now open as a relief shelter for Hurricane Harvey and is... http://fb.me/283MsVuF3¬†",0,0,"[['URGENT', 0, 6], ['NEED', 7, 11], ['FOR', 12, 15], ['VOLUNTEERS', 16, 26], ['AT', 28, 30], ['CENTER', 35, 41]]",[],[],[],[],rachelle,0,1,0,0,0,0,0,1,0
704,Do you need to evacuate because of Hurricane Dorian and need a lift to the nearest shelter? Uber representatives say you can get a free ride: https://twitter.com/WPLGLocal10/status/1168348033504989184 …,0,0,[],[],[],[],[],rachelle,0,0,0,0,0,0,0,1,0
705,"Parkview Elementary @ 9 in the am for more collection and distribution of food, etc. to tornado victims.",0,0,[],[],[],[],[],rachelle,0,0,0,0,0,0,0,1,0
706,Large sinkhole swallows entire pond in Lowndes County Georgia: Large sinkholeÛ_ http://t.co/bCLDQmMEHg #Occasion2B,0,0,[],[],[],[],[],rachelle,0,0,0,0,0,0,0,1,0
707,If you're reading this go accidentally fall off a cliff mate,1,1,[],[],[],[],[],rachelle,0,0,0,0,0,0,0,1,0
708,"Food And Wine Top story: Hurricane Sandy: View From Above http://www.nytimes.com/interactive/2012/10/28/nyregion/nyt-webcam.html …, see more http://tweetedtimes.com/The_CityOfRoses/food …",0,0,[],[],[],[],[],rachelle,0,0,0,0,0,0,0,1,0
709,My pops had to fly back in for hurricane Dorian. First stop at a gas station after I picked him up from the airport and dude causes a scene we almost got in a fight.  never a dull moment when your in the car with Mike James,0,1,[],[],[],[],[],rachelle,0,0,0,0,0,0,0,1,0
710,Emergency Services Committee and Personnel Committee Meeting on Thursday Night http://t.co/DrBcRyPj4p,1,0,[],[],[],[],[],rachelle,0,0,0,0,0,0,0,1,0
711,Shirtless man lounges in the middle of the ocean during Hurricane Matthew: Richard Neal decided to ride out t... http://cnn.it/2dJxCPp ,0,0,[],[],[],"[['Shirtless', 0, 9]]",[],rachelle,0,0,0,1,0,0,0,1,0
713,London Life: photos of a beautiful bombed-out Britain http://t.co/2RAcaiVFfq #arts,1,0,[],[],[],[],[],rachelle,0,0,0,0,0,0,0,1,0
714,"This medicine may cause: sneezing, coughing, car accidents, floods, leprosy, tornados, and death. 
But your sore throats gone...so it's cool",0,1,[],[],"[['may', 14, 17]]",[],[],rachelle,0,0,1,0,0,0,0,1,0
715,.@LEGO_Group has donated four million dollars in support of #BlackLivesMatter to “organizations dedicated to supporting black children and educating all children about racial equality.” https://t.co/7xvOsNClhG,1,0,[],[],[],[],[],rachelle,0,0,0,0,0,0,0,1,0
716,"'No house, no food, no water, no life'

The death toll from Hurricane Dorian in the Bahamas will be ""staggering"", the country's government has warned as aid efforts are being stepped up. https://www.bbc.co.uk/news/video_and_audio/headlines/49602614/hurricane-dorian-devastation-leaves-surreal-landscape-in-bahamas …",0,0,[],[],[],"[['staggering', 101, 111]]",[],rachelle,0,0,0,1,0,0,0,1,0
717,Twitter iTunes Royal Wedding Gasoline Cars Money Bieber Obama Politics Religion Tornado Insurance Medicine BULLSHIT #BotBait,0,1,"[['BULLSHIT', 107, 115]]",[],[],[],"[['BULLSHIT', 107, 115]]",rachelle,0,1,0,0,1,0,0,1,0
718,"New Tornado WARNINGS out now.  Warnings for Burke, Caldwell, McDowell, Catawba, & Alexander Counties until 4am.  Seek Shelter NOW.",0,0,"[['WARNINGS', 12, 20], ['NOW', 126, 129]]",[],[],[],[],rachelle,0,1,0,0,0,0,0,1,0
719,Horowitz: CDC Director Redfield says masks are better than a vaccine. But the virus is still spreading in masked-up places. https://t.co/O6FbbMhmid,1,0,[],[],[],[],[],rachelle,0,0,0,0,0,0,0,1,0
721,"Aww lmao “you need to die” the only pplwho say shit like that on social media are 11 year old white boys with no love at home get a life

What you so mad for ? you came for bcu while lookin like that

Big ass nose could’ve been used as a shelter during hurricane Dorian ",0,1,[],[],"[['could', 214, 219]]",[],"[['lmao', 4, 8], ['shit', 47, 51], ['ass', 205, 208]]",rachelle,0,0,1,0,1,0,0,1,0
722,"He can ride out the ""fake"" hurricane in Key West...",0,1,[],[],"[['can', 3, 6]]",[],[],rachelle,0,0,1,0,0,0,0,1,0
723,RT AbbsWinston: #Zionist #Terrorist kidnapped 15 #Palestinians in overnight terror on Palestinian Villages Û_ http://t.co/J5mKcbKcov,0,0,[],[],[],[],[],rachelle,0,0,0,0,0,0,0,1,0
724,"Same-Sex Marriages, 10 Years LaterDGR @DebbersGar Writer producer creative director wife of a lady mom to two master of a pup. Not necessarily in that order.The Backstory: Our 5 yo daughter had no costume. We said: How about HRC? Daughter: Nope. Son: Well someone s gotta be Hillary!",1,0,[],"[['!', 282, 283]]",[],[],[],rachelle,1,0,0,0,0,0,0,1,0
725,"People of Florida, Mar-A-Lago is open as a public shelter during the hurricane. Please feel free to shit on the floors. #hurricaneirma2017",0,0,[],[],"[['feel', 87, 91]]",[],"[['shit', 100, 104]]",rachelle,0,0,1,0,1,0,0,1,0
726,"Yesterday, the Intergovernmental Panel on Climate Change, a group of scientists convened by the UN, released a report that describes a world of food shortages and wildfires, and a mass die-off of coral reefs as soon as 2040- by the time babies born this year turn 21 years old.",0,0,[],[],[],[],[],rachelle,0,0,0,0,0,0,0,1,0
727,#Tesla to unlock extra range and free Supercharging for cars in Hurricane Dorian’s path | TESLARATI https://www.teslarati.com/tesla-unlocks-free-supercharging-extra-range-hurricane-dorian/ … via @Teslarati,0,0,[],[],[],[],[],rachelle,0,0,0,0,0,0,0,1,0
728,"realsnownyctalk: how much food gets wasted/thrown out from folks' blizzard-related ""emergency"" (binge) purchases?",0,1,[],[],[],[],[],rachelle,0,0,0,0,0,0,0,1,0
729,Tornado warning is in effect until 1:45am Wednesday. Sirens continue to sound. Get to shelter,0,0,[],[],[],[],[],rachelle,0,0,0,0,0,0,0,1,0
730,F5 destroying Tuscaloosa. #soulsick RT @LAmeetsDC: OH MY GOD! TUSCALOOSA TAKE SHELTER: VIDEO OF TORNADO: http://bit.ly/m30hjq,0,0,"[['OH', 51, 53], ['MY', 54, 56], ['GOD', 57, 60], ['TUSCALOOSA', 62, 72], ['TAKE', 73, 77], ['SHELTER', 78, 85], ['VIDEO', 87, 92], ['OF', 93, 95], ['TORNADO', 96, 103]]","[['!', 60, 61]]",[],[],[],rachelle,1,1,0,0,0,0,0,1,0
731,Driverless cars work great in sunny California. But how about in a blizzard? http://wpo.st/DIb71¬†,0,0,[],[],[],"[['Driverless', 0, 10]]",[],rachelle,0,0,0,1,0,0,0,1,0
732,"US evacuates Guantanamo over Hurricane Matthew: A spokesman said in a statement: ""The remaining mili... http://bit.ly/2dhL5ls  #shelter",0,0,[],[],[],[],[],rachelle,0,0,0,0,0,0,0,1,0
733,"A viral message claims that women can use 9833312222 as the 'Nirbhaya' safety helpline number. This is a hoax. The number is a now-defunct helpline of GRP, Mumbai. | @thoughtbuoy 

https://t.co/eTKCtBNXrp",1,1,[],[],"[['can', 34, 37]]",[],[],rachelle,0,0,1,0,0,0,0,1,0
734,"Wild Horses of North Carolina's Outer Banks Will Ride Out Hurricane Dorian 'Butts to the Wind'.

https://news.yahoo.com/wild-horses-north-carolinas-outer-175048942.html# …",0,0,[],[],[],[],"[['Butts', 76, 81]]",rachelle,0,0,0,0,1,0,0,1,0
735,"Dozens of shelter pets were transported from Tulsa to Oregon on Thursday so there's room in Tulsa for dogs and cats displaced by Hurricane Dorian.

Story from @fox12oregon.https://ktul.com/news/local/shelter-pets-moved-from-tulsa-to-oregon-to-make-room-for-pets-impacted-by-dorian …",0,0,[],[],[],[],[],rachelle,0,0,0,0,0,0,0,1,0
736,"Pets cope with Hurricane Matthew at a storm shelter just for them: At 10 years old, Little One has been through a… http://m.tbnn.it/MPkYn1 ",0,0,[],[],[],[],[],rachelle,0,0,0,0,0,0,0,1,0
737,this is disgusting. as horrible as they are they don't deserve to be turned away from a shelter in a hurricane?????? https://twitter.com/polkcosheriff/status/905438093527928834¬†‚Ä¶,0,1,[],[],[],"[['disgusting', 8, 18], ['horrible', 23, 31]]",[],rachelle,0,0,0,1,0,0,0,1,0
738,"Holy smokes, thank you all for the great response on the new episode of Bankrupt! It’s such a crazy story! In other news my flight out of Florida has been pushed to later this week, so I’m staying to ride out whatever Hurricane Dorian turns out to be. Obviously I’ll be filming it",0,1,[],"[['!', 80, 81], ['!', 105, 106]]",[],[],[],rachelle,1,0,0,0,0,0,0,1,0
739,"Where's Super Hero Kanye when you need him...

No Food, No FEMA: Hurricane Michael’s Survivors Are Furious https://thebea.st/2IV0u6C?source=twitter&via=desktop … via @thedailybeast",0,1,[],[],[],[],[],rachelle,0,0,0,0,0,0,0,1,0
740,Thank you @covidiencareers for providing us with life-saving medical supplies for #Colorado flood survivors! http://j.mp/18g1XwD¬†,0,1,[],"[['!', 107, 108]]",[],"[['life-saving', 49, 60]]",[],rachelle,1,0,0,1,0,0,0,1,0
741,Saddle with accountable information explosion tips pro preferable financial top brass: tawFMCAw,1,0,[],[],"[['preferable', 55, 65]]",[],[],rachelle,0,0,1,0,0,0,0,1,0
742,"According to a news report up to 20% of hospital patients in England may have contracted #COVID19 while already in hospital for another illness. The #SARSCoV2 #virus #infection may have been transmitted by both hospital staff and other patients.

https://t.co/LbPhGCTkDl",1,0,[],[],"[['may', 69, 72], ['may', 177, 180]]",[],[],rachelle,0,0,1,0,0,0,0,1,0
743,"Looks like Dorian is no joke. Hope all in its path r prepared.

Wonder when the climate change clowns will emerge & tell we caused another hurricane because of our cars & cows...

Fox News - Hurricane Dorian's path: What you need to know 
https://www.foxnews.com/us/hurricane-dorian-forecast-track …",0,1,[],[],"[['Hope', 30, 34]]",[],[],rachelle,0,0,1,0,0,0,0,1,0
744,"Weaving roses and hoping for a chance: For some homeless Jacksonville residents, Hurricane #Dorian comes with a bright side, a shelter with a roof and a few meals. http://bit.ly/2ZuNZtW ",0,0,[],[],[],"[['homeless', 48, 56]]",[],rachelle,0,0,0,1,0,0,0,1,0
745,If you can't have the roar of the waves a rainstorm &amp; some rollingÛ_ https://t.co/DlVYFvnQee,1,1,[],[],"[['can', 7, 10]]",[],[],rachelle,0,0,1,0,0,0,0,1,0
746,"#EvacuateFLPrisons URGENT: Hurricane Dorian Phone Zap.

Demands-

1. Immediate evacuation of all prisoners.
2. Stockpiling of Water and Food at every facility.

https://fighttoxicprisons.wordpress.com/2019/08/29/evacuateflprisons-urgent-hurricane-dorian-phone-zap/ …",0,1,"[['URGENT', 19, 25]]",[],[],[],[],rachelle,0,1,0,0,0,0,0,1,0
747,Hi @WallacePJW what super car are you getting to replace the hurricane,0,0,[],[],[],[],[],rachelle,0,0,0,0,0,0,0,1,0
748,It's not easy living in Houston without a car. And Hurricane Harvey destroyed up to a million of them http://wrd.cm/2wDVPBo¬†,0,0,[],[],[],[],[],rachelle,0,0,0,0,0,0,0,1,0
749,"#WebQoof | Several Indian news outlets including India TV and News Nation shared a misleading claim stating that Patanjali's 'Coronil' has been recognised as a medicine for COVID-19 by WHO. Read our fact-check here. #CoronavirusFacts 

https://t.co/3yVYxZpxUv",1,1,[],[],[],"[['misleading', 83, 93]]",[],rachelle,0,0,0,1,0,0,0,1,0
750,Hurricane Dorian & Smart Space Radiation Medicine: Solar Storm Forecast 08-31-2019 https://youtu.be/7gyhXawY8lE  via @YouTube,0,0,[],[],[],[],[],rachelle,0,0,0,0,0,0,0,1,0
751,Gerard Butler shares selfie where he‚Äôs standing in front of his burned down house and car destroyed by the California¬†wildfires http://dopetv.ng/life/dope/gerard-butler-shares-selfie-where-hes-standing-in-front-of-his-burned-down-house-and-car-destroyed-by-the-california-wildfires/¬†‚Ä¶pic.twitter.com/UVfI3xVJrx,0,0,[],[],[],[],[],rachelle,0,0,0,0,0,0,0,1,0
752,"Stocking up on wine, Baileys, and food because apparently we're getting hit with by a blizzard this weekend. ",0,1,[],[],"[['apparently', 47, 57]]",[],[],rachelle,0,0,1,0,0,0,0,1,0
753,"If hurricane cleanup isn't ur thing, take food to cleanup crews. I was given of an ICE cold water bottle and a cookie, and it was heavenly!",0,1,"[['ICE', 83, 86]]","[['!', 138, 139]]",[],[],[],rachelle,1,1,0,0,0,0,0,1,0
754,Airbnb Activates Program To Connect Hurricane Dorian Evacuees With Free Housing https://www.bisnow.com/south-florida/news/economy/airbnb-open-homes-hurricane-evacuees-dorian-100622#.XW5UiPMqvxc.twitter … #property #proptech #realestate #cretech #realestateinvesting #realestateinvestor #goldenvisa #investmentvisa #cretech #estateagent #sales #primelandview,0,0,[],[],[],[],[],rachelle,0,0,0,0,0,0,0,1,0
755,"Due to all of the issues with Hurricane Michael, we will not be hosting the group ride this afternoon. It will be rescheduled ASAP  We hope everyone is getting power back and staying safe!",0,1,[],"[['!', 187, 188]]","[['hope', 135, 139]]",[],[],rachelle,1,0,1,0,0,0,0,1,0
756,"Our Hurricane Dorian updates continue. Thursday evening walk produced some scary sights. Had to be extra careful with so many HOT wires on the ground - wrapped around trees, sidewalks and even cars. We are in for… https://www.instagram.com/p/B2C4dZShasj/?igshid=11uau8c7kb6zx …",0,1,"[['HOT', 126, 129]]",[],[],[],[],rachelle,0,1,0,0,0,0,0,1,0
757,"There's always a tweet

A tweet that Donald Trump posted in January in praise of China’s response to the #CoronavirusOutbreak has already come back to haunt him https://t.co/MFMWTrsTDe",1,1,[],[],[],[],[],rachelle,0,0,0,0,0,0,0,1,0
758,"This is a bit surprising, this is the FL pan-handel, the trumpiest of trump-country!
No Food, No FEMA: Hurricane Michael’s Survivors Are Furious https://thebea.st/2IV0u6C?source=twitter&via=desktop … via @thedailybeast",0,1,[],"[['!', 83, 84]]",[],[],[],rachelle,1,0,0,0,0,0,0,1,0
759,The Riddler would be the best early-exit primary presidential wannabe ever all certain of his chances until he gets wrecked by a rich guy,1,1,[],[],"[['would', 12, 17]]",[],[],rachelle,0,0,1,0,0,0,0,1,0
762,"Thanks to all for your care & concern re: Hurricane Dorian. I don't have much battery power left on my phone so may be out of touch. Know that I am safe, have lots of food & drink as well as a good book plus a… https://www.instagram.com/p/B2KY57cnnlM/?igshid=g3qj6bfq6n29 …",0,1,[],[],"[['may', 112, 115]]",[],[],rachelle,0,0,1,0,0,0,0,1,0
763,"JUST IN: @ABC reports that President Trump left President-elect Joe Biden a note in the Oval Office.

History of the tradition: https://t.co/cFQcOyaAR8 https://t.co/FNyLpRDqSw",1,0,[],[],[],[],[],rachelle,0,0,0,0,0,0,0,1,0
764,Okay not sure the word 'mass murder' applies during this war but it was horrendous none the less. https://t.co/Sb3rjQqzIX,0,1,[],[],"[['sure', 9, 13]]",[],[],rachelle,0,0,1,0,0,0,0,1,0
765,Car defeated by waves of Hurricane Dorian draws a crowd https://www.thechestnutpost.com/news/car-defeated-by-waves-of-hurricane-dorian-draws-a-crowd/ …,0,0,[],[],[],[],[],rachelle,0,0,0,0,0,0,0,1,0
766,A man a woman Romance &amp; South Afrikaan Trouble - on # sale PreOrder #theBargain - http://t.co/UMl5jZTmcB,1,0,[],[],[],[],[],rachelle,0,0,0,0,0,0,0,1,0
767,"In Face of Hurricane Sandy, Soldier Guards Tomb of the Unknown Solider. The Old Guard refuses shelter. http://bit.ly/S9JDvH ”

The REAL Guard",0,0,"[['REAL', 131, 135]]",[],[],[],[],rachelle,0,1,0,0,0,0,0,1,0
769,The trouble in one of Buffett's favorite sectors http://t.co/J4dqPFLMkR,1,0,[],[],[],[],[],rachelle,0,0,0,0,0,0,0,1,0
770,GOOD IDEA! RT @tfft: Using Brokhaven as my tornado shelter. Beer... check food... check. All set.,0,1,"[['GOOD', 0, 4], ['IDEA', 5, 9]]","[['!', 9, 10]]",[],[],[],rachelle,1,1,0,0,0,0,0,1,0
771,#Myanmar  Displaced #Rohingya at #Sittwe point of no return http://t.co/cgf61fPmR0  #Prison like conditions #genocide IHHen MSF Refugees,0,1,[],[],[],[],[],rachelle,0,0,0,0,0,0,0,1,0
772,"BOOM was able to confirm from a source in Twitter that the screenshots of the tweets are fake. #BOOMFactCheck #FakeNews #SushantSinghRajput @aajtak @indiacom @newstracklive 

https://t.co/8u9pSjICwP",1,0,[],[],[],[],[],rachelle,0,0,0,0,0,0,0,1,0
773,We’ve partnered with @DirectRelief to help people affected by Hurricane Michael get their medicine.,0,0,[],[],"[['help', 38, 42]]",[],[],rachelle,0,0,1,0,0,0,0,1,0
774,"Ok, so now we're getting e-mails about how to seek shelter during a tornado? Dude, just send us home!!!",0,1,[],"[['!!!', 100, 103]]",[],[],[],rachelle,1,0,0,0,0,0,0,1,0
775,"Somewhere in South Florida is a person saying they're going to stay and ride out a CAT-5 hurricane. 

Don't be a dumb ass, GET OUT!  #Irmapic.twitter.com/iBmSyMa42R",0,1,"[['GET', 123, 126], ['OUT', 127, 130]]","[['!', 130, 131]]",[],[],"[['ass', 118, 121]]",rachelle,1,1,0,0,1,0,0,1,0
776,"Video of US strike killing top Iranian commander?

False: this footage has been taken from a video game. 🎮
https://t.co/BQ6uRXIa8k",1,1,[],[],[],[],[],rachelle,0,0,0,0,0,0,0,1,0
777,"Requesting ⁦@CPDelhi⁩ to take immediate cognisance of the affidavit sworn in SC by DCP Legal Cell PHQ &amp; take strict action if it is based on a doctored clip👎

Clipped video shared to claim Harsh Mander instigated violence in Jamia speech - Alt News  https://t.co/yQ9GXrpXpY",1,1,[],[],[],[],[],rachelle,0,0,0,0,0,0,0,1,0
778,"We are so lucky to live in this great city - 35 #Bristol restaurants (and one bakery) make it into The Good Food Guide 2019 - see them all here 
https://www.bristol247.com/food-and-drink/news-food-and-drink/35-bristol-restaurants-one-bakery-good-food-guide-2019/¬†‚Ä¶ #bristol247 #foodanddrinkpic.twitter.com/bsGMwfsZP3",0,1,[],[],[],[],[],rachelle,0,0,0,0,0,0,0,1,0
779,"Paul Pogba has ‘quit’ playing for France following comments from the French President Macron saying Islam was the source of international terrorism..
Indeed your religion first before anything else.❤
God is with you. https://t.co/6zBrHmxXhx",1,1,[],[],[],[],[],rachelle,0,0,0,0,0,0,0,1,0
780,"Don’t be fooled: President Trump donating his salary is meaningless, compared to the millions he’s made off of the presidency, both from taxpayer spending at his properties and from constantly using his position to boost his businesses. 

https://t.co/BQWEjabMjX",1,1,[],[],[],"[['meaningless', 56, 67]]",[],rachelle,0,0,0,1,0,0,0,1,0
781,"It should outrage us that nearly 50 million children are acutely malnourished — that's 7.3 percent of all children under the age of five.  #WorldFoodDay #ZeroHungerWorld @momsrising 
 https://t.co/ThDBm0FJiK",1,1,[],[],"[['should', 3, 9]]",[],[],rachelle,0,0,1,0,0,0,0,1,0
782,"@morganjpalmer and I just ran for our lives. I'm 90% positive we were just in a tornado, stuck in @Betsybeckyy 's car. #nojoke #scurred",0,1,[],[],[],[],[],rachelle,0,0,0,0,0,0,0,1,0
783,Not only that. But it's gonna be impossible to get resources such as food and water to Jamaica with that Hurricane right above it.,0,1,[],[],[],"[['impossible', 33, 43]]",[],rachelle,0,0,0,1,0,0,0,1,0
784,"A viral message claiming Livfavir a branded variant of the generic Favipiravir, manufactured by Livealth Biopharma is cheaper than Glenmark Pharmaceuticals' branded drug Fabiflu, is misleading. #BOOMFactCheck #FakeNews #Glenmark #FabiFlu

https://t.co/ymAy9h0txK",1,1,[],[],[],[],[],rachelle,0,0,0,0,0,0,0,1,0
785,"Oh that’s interesting, THERE IS NO CURE 

#China says 8.2% of #coronavirus patients are cured https://t.co/VwpAKVchCT",1,1,"[['THERE', 23, 28], ['IS', 29, 31], ['NO', 32, 34], ['CURE', 35, 39]]",[],[],[],[],rachelle,0,1,0,0,0,0,0,1,0
786,What a shame Mrs Mnuchin isn't going along for the ride. Bet she has cool hurricane shoes too.,0,1,[],[],[],[],[],rachelle,0,0,0,0,0,0,0,1,0
787,Fear has a way of making us see danger where there is none. Contemplating the logic behind the situation and find the courage to engage it,1,1,[],[],[],[],[],rachelle,0,0,0,0,0,0,0,1,0
788,"Bravo, ⁦⁦@CelebrityCruise⁩! And the Equinox passengers too! #BahamasRelief
After Hurricane Dorian, Celebrity cruise ship in Bahamas reroutes to deliver food, aid https://www.nbcnews.com/news/world/after-hurricane-dorian-celebrity-cruise-ship-bahamas-reroutes-deliver-food-n1050796 …",0,1,[],"[['!', 26, 27], ['!', 58, 59]]",[],[],[],rachelle,1,0,0,0,0,0,0,1,0
789,"Why your flood insurance premium may be going up: Food-insurance reform law kicks in, so long to subsidies: http://ow.ly/pcmoE¬† @pspotts",0,0,[],[],"[['may', 33, 36]]",[],[],rachelle,0,0,1,0,0,0,0,1,0
790,"81/420 and if we're honest, alcohol is deadlier than anything, yet just as car accidents are worse than hurricanes, they don't get attention",0,1,[],[],"[['if', 11, 13]]","[['anything', 53, 61]]",[],ai,0,0,1,1,0,0,0,0,0
791,He's the HS athlete that includes his jersey number signing shit. Trump signs wall of shelter for hurricane victims http://thehill.com/blogs/blog-briefing-room/news/348996-trump-signs-wall-of-shelter-for-hurricane-victims¬†‚Ä¶,0,1,[],[],[],[],[],shiao-li,0,0,0,0,0,0,0,0,1
792,Dozens of detainees remaining at U.S. military detention facility in Guantanamo to shelter from Hurricane Matthew.… https://twitter.com/i/web/status/783053336853508096 …,0,0,[],[],[],[],[],shiao-li,0,0,0,0,0,0,0,0,1
793,This food better be good. @_SpinnAround gott me out here in the great flood for some dominos lol jesus aint tell me to build a boat,0,1,[],[],[],[],[],shiao-li,0,0,0,0,0,0,0,0,1
794,Hurricane Harvey Likely To Destroy More Cars Than Katrina: &quot;This Is Bad; Real Bad&quot; https://goo.gl/fb/muqca1¬†,0,0,[],[],[],[],[],shiao-li,0,0,0,0,0,0,0,0,1
795,"Hi everyone! Robert and I are keeping a wary eye on Hurricane Michael. We have battened down the hatches and our bins of photos are loaded in the car. We're firm believers that things can be replaced. Rob and I, our... https://www.facebook.com/587913646/posts/10159045025128647/ …",0,1,[],"[['!', 11, 12]]",[],[],[],shiao-li,1,0,0,0,0,0,0,0,1
796,Costco food court date! Stocking up for hurricane Dorian!  @ Costco https://www.instagram.com/p/B1v2LrEBpMw/?igshid=1tlunyyqu70r7 …,0,0,[],"[['!', 56, 57], ['!', 22, 23]]",[],[],[],shiao-li,1,0,0,0,0,0,0,0,1
797,California wildfires: Five people found dead in cars caught up in Paradise¬†fire https://www.comocomprodesdevenezuela.com/california-wildfires-five-people-found-dead-in-cars-caught-up-in-paradise-fire/¬†‚Ä¶,0,0,[],[],[],[],[],shiao-li,0,0,0,0,0,0,0,0,1
798,"@WaltDisneyWorld 
Boy donates savings for Disney trip to buy food for Hurricane Dorian evacuees http://www.fox13news.com/news/boy-donates-savings-for-disney-trip-to-buy-food-for-hurricane-dorian-evacuees …",0,0,[],[],[],[],[],shiao-li,0,0,0,0,0,0,0,0,1
799,"On a real note, sending good vibes out to all those in the path of Hurricane Dorian. It’s getting really nasty out there. Please please find yourselves some shelter and stay safe. #HurricaneDorian #SafetyFirst",0,1,[],[],[],[],[],shiao-li,0,0,0,0,0,0,0,0,1
800,The best thing about having to ride out a hurricane/bad tropical storm is seeing people come together. We need more of that. https://twitter.com/bennyjohnson/status/901955142890729473¬†‚Ä¶,0,1,[],[],[],[],[],shiao-li,0,0,0,0,0,0,0,0,1
801,Hurricane #Harvey Destroys 500 thousand cars https://goo.gl/fb/rEWLPA¬† #foreign,0,0,[],[],[],[],[],shiao-li,0,0,0,0,0,0,0,0,1
802,"Couple trapped on top of a car, in a flood, during a blizzard",0,0,[],[],[],[],[],shiao-li,0,0,0,0,0,0,0,0,1
803,RT Breaking911: RAW VIDEO: Ride along as NOAA WP-3D Orion makes first pass through hurricane #Irma https://twitter.com/Breaking911/status/905183358103285760/video/1¬†‚Ä¶,0,0,[],[],[],[],[],shiao-li,0,0,0,0,0,0,0,0,1
804,Vehicle blamed for deadly California¬†wildfire https://wsoe.org/vehicle-blamed-for-deadly-california-wildfire/¬†‚Ä¶,0,0,[],[],[],[],[],shiao-li,0,0,0,0,0,0,0,0,1
805,@HeyImBeeYT its like theres fire in my skin and im drowning from within ????,0,1,[],[],[],[],[],shiao-li,0,0,0,0,0,0,0,0,1
806,"Where are Trump & Reps !?! Campaigning !!
No Food, No FEMA: Hurricane Michael’s Survivors Are Furious https://thebea.st/2IV0u6C?source=twitter&via=desktop … via @thedailybeast",0,1,[],"[['!', 23, 24], ['!', 25, 26], ['!!', 39, 41]]",[],[],[],shiao-li,1,0,0,0,0,0,0,0,1
807,"Hurricane Matthew charges toward Jamaica, Haiti, Cuba: Islanders stock up on food, water and other supplies a... http://bit.ly/2dOYIap ",0,0,[],[],[],[],[],shiao-li,0,0,0,0,0,0,0,0,1
808,"Video Shows Classic Cars, Garage Ravaged By Hurricane Michael https://www.motor1.com/news/269430/classic-cars-garage-hurricane-michael/?utm_source=RSS&utm_medium=referral&utm_campaign=RSS-all- …",0,0,[],[],[],[],[],shiao-li,0,0,0,0,0,0,0,0,1
809,"'I don't have anything left': Hurricane Michael survivors scramble for food, water as death toll rises https://www.usatoday.com/story/news/nation/2018/10/13/hurricane-michael-survivors-scramble-food-crews-search-missing/1628842002/?utm_source=feedblitz&utm_medium=FeedBlitzRss&utm_campaign=usatoday-newstopstories …",0,0,[],[],[],[],[],shiao-li,0,0,0,0,0,0,0,0,1
810,Florida Man Parks Smart Car In Kitchen Over Fear Hurricane Dorian Would Blow It Away https://9gag.com/gag/aZ7N25z?utm_source=Facebook&utm_medium=social&utm_campaign=link_post …,0,0,[],[],[],[],[],shiao-li,0,0,0,0,0,0,0,0,1
811,"#Coronavirus #Research:
Droplets in air from sneeze or #coughing can #infect even after 3 hours. Once deposited on steel/plastic surface, #virus has ability to infect for 3 days. Surprisingly, on #copper surface, it’s ability to infect is for 4 hours only. https://t.co/kT0hWZjmZ1",0,0,[],[],[],[],[],shiao-li,0,0,0,0,0,0,0,0,1
812,Was this pile of trash golfing today while the hurricane Michael people are running out of food and water??? https://twitter.com/realDonaldTrump/status/1051471737068670977 …,0,1,[],[],[],[],[],shiao-li,0,0,0,0,0,0,0,0,1
813,#food #cuisine BuzzFeed FWD: 11 Viral Photos That AREN'T Hurricane Sandy And More! http://dlvr.it/2PPYhj  #recipe #cooking,0,0,"[[""AREN'T"", 50, 56]]","[['!', 81, 82]]",[],[],[],shiao-li,1,1,0,0,0,0,0,0,1
814,"A video from the International Security Exhibition held in the UAE last year is circulating on social media as 'the King of Bahrain arrives in Dubai with his robot bodyguard'. #AltNewsFactCheck | @Priyankajha0 

https://t.co/LecrRmhEin",1,0,[],[],[],[],[],shiao-li,0,0,0,0,0,0,0,0,1
815,"Honestly, this tornado warning is a little scarier to ride out after watching what just happened to my friends in #Clevelandtn",0,1,[],[],[],[],[],shiao-li,0,0,0,0,0,0,0,0,1
816,"Harvey does something rare for major hurricane, and it could take oil prices on an unusual ride http://zpr.io/PWDmv¬†",0,0,[],[],[],[],[],shiao-li,0,0,0,0,0,0,0,0,1
817,Let the craziness begin. Cars are 10 deep at the gas pumps! #hurricane #Matthew #florida http://fb.me/6EB5q0i1Q ,0,1,[],"[['!', 58, 59]]",[],[],[],shiao-li,1,0,0,0,0,0,0,0,1
818,"Sleeping so peacefully while his Mommy starts her hurricane-readiness planning. Getting food, getting water, gathe‚Ä¶ http://ift.tt/2xaEYYL¬†pic.twitter.com/6wCFrIFzYP",0,1,[],[],[],[],[],shiao-li,0,0,0,0,0,0,0,0,1
819,Wreck with road blockage Woodward Avenue Northbound at Davison in M.S. #shoalstraffic,0,0,[],[],[],[],[],shiao-li,0,0,0,0,0,0,0,0,1
820,Poor ocean health threatens food security and increases flood risk- Businessgreen mobile http://m.businessgreen.com/bg/news/2300515/poor-ocean-health-threatens-food-security-and-increases-flood-risk¬†‚Ä¶,0,0,[],[],[],[],[],shiao-li,0,0,0,0,0,0,0,0,1
821,He better than Sean bro. I can admit that Sean is flames now. But he better than Sean https://t.co/aomQ1RYKmJ,1,1,[],[],[],[],[],shiao-li,0,0,0,0,0,0,0,0,1
822,'We have no food or water': Hurricane Dorian survivors feel abandoned ..... https://www.theguardian.com/world/2019/sep/07/hurricane-dorian-survivors-bahamas …,0,0,[],[],[],[],[],shiao-li,0,0,0,0,0,0,0,0,1
823,It is a complete hoax that china sought to kill its citizen to contain virus. Completely false new. https://t.co/nI56m3Lhc7 #PakStandWithChina @AounSahi @CathayPak @SaboohSyed @WangXianfeng8 @zlj517,1,1,[],[],[],[],[],shiao-li,0,0,0,0,0,0,0,0,1
824,#JimBakker one of the top #charlatans says #hurricanes are Gods judgement buy his food. Don't give to charlatans http://www.huffingtonpost.com/entry/jim-bakker-hurricane-doomsday-food_us_59af847be4b0354e440d93dd?ncid=engmodushpmg00000004¬†‚Ä¶,0,1,[],[],[],[],[],shiao-li,0,0,0,0,0,0,0,0,1
825,"...used his military to block humanitarian aid to Venezuelans desperate for food and medicine. It is also the face of Kim Campbell who rooted for the destructive fury of Category 5 Hurricane Dorian to descend on the people of Florida. Soulless. Power ""By any means necessary.""",0,1,[],[],[],[],[],shiao-li,0,0,0,0,0,0,0,0,1
826,"A photo story of two brothers from #Gaza that became global, Palestinian boy who thought his brother had been killed after the Gaza bombing hugs him when he sees him alive.
#GazzaUnderAttack https://t.co/8egfo0Qc25",1,0,[],[],[],[],[],shiao-li,0,0,0,0,0,0,0,0,1
828,"GUN BACKGROUND CHECKS
Poll says 97% of Americans support them.

Yet Bills to strengthen them go no where.

AMERICA, YOUR VOICE HAS BEEN SILENCED

Who is Congress listening to instead? 

Get Big Money out of politics.

https://t.co/SZeKY5eAaI",0,1,"[['GUN', 0, 3], ['BACKGROUND', 4, 14], ['CHECKS', 15, 21], ['AMERICA', 107, 114], ['YOUR', 116, 120], ['VOICE', 121, 126], ['HAS', 127, 130], ['BEEN', 131, 135], ['SILENCED', 136, 144]]",[],[],[],[],shiao-li,0,1,0,0,0,0,0,0,1
829,U.S. Navy Sends 6 Ships Out to Sea to Ride Out Hurricane Dorian https://www.newsbreakapp.com/n/0MjUyWmg?pd=02IAq29d&s=i2 …,0,0,[],[],[],[],[],shiao-li,0,0,0,0,0,0,0,0,1
830,Establishment Republican and Never-Trumper Stephen Hayes from the Weekly Standard was having a difficult time Tuesday after Donald Trump won all five east coast primaries. Steve says GOP elites will look for a third party candidate if Cruz cannot beat Trump in Indiana. ,1,0,[],[],[],[],[],shiao-li,0,0,0,0,0,0,0,0,1
831, it's a whole flood in my car...FML!!,0,1,[],"[['!!', 35, 37]]",[],[],"[['FML', 32, 35]]",shiao-li,1,0,0,0,1,0,0,0,1
832,BMW E30 M3 owner parks his car inside his house to escape Hurricane Matthew http://www.stuff.co.nz/motoring/news/85146124/bmw-e30-m3-owner-parks-his-car-inside-his-house-to-escape-hurricane-matthew …,0,0,[],[],[],[],[],shiao-li,0,0,0,0,0,0,0,0,1
833,Well as long as I got my call of duty an my food Idrc were hurricane sandy is ,0,1,[],[],[],[],[],shiao-li,0,0,0,0,0,0,0,0,1
834,"If you look closely, you might find a few familiar hypocrites who were calling for the nomination of a new Supreme Court Justice before Scalia s body was removed from the hotel where he died h/t Weasel Zippers",1,1,[],[],[],[],[],shiao-li,0,0,0,0,0,0,0,0,1
835,Half of US adults will soon be fully vaccinated. Convincing everyone else will be more difficult. https://t.co/irMX4fVKVK,1,1,[],[],[],[],[],shiao-li,0,0,0,0,0,0,0,0,1
837,Our thoughts are with all of you in the line of Hurricane Sandy. Find shelter near you during this storm: http://rdcrss.org/TqduCz ,0,1,[],[],[],[],[],shiao-li,0,0,0,0,0,0,0,0,1
838,Airbnb offering free housing for Hurricane Dorian evacuees. Families that include registered sex offenders need not apply.  https://abc11.com/society/airbnb-offers-free-housing-for-hurricane-dorian-evacuees/5508657/ … via @ABC11_WTVD,0,0,[],[],[],[],[],shiao-li,0,0,0,0,0,0,0,0,1
839,"Protest underway in Charlotte:  Things got completely out of hand    @Boris_Sanchez is on the ground w/ the latest. https://t.co/UQ8XOOnFyN  Anderson Cooper 360  (@AC360) September 22, 2016",1,0,[],[],[],[],[],shiao-li,0,0,0,0,0,0,0,0,1
840,"Juuuuggggg -______-  // RT @itsjustinmartin: iwant some chinese food. someone throw me some in the tornado, maybe it'll blow it over here :)",0,0,[],[],[],[],[],shiao-li,0,0,0,0,0,0,0,0,1
841,@GuiltyGearXXACP yeah I know but blaze blue dont have a twitter lol I drew this a few weeks ago http://t.co/sk3l74FLzZ,1,0,[],[],[],[],[],shiao-li,0,0,0,0,0,0,0,0,1
842,"Hurricane Dorian smashes houses & cars, knocks trees on destructive landfall in the Bahamas (VIDEO) — RT World News https://www.rt.com/news/467764-hurricane-dorian-bahamas-videos/ … #",0,0,[],[],[],[],[],shiao-li,0,0,0,0,0,0,0,0,1
843,5th most tweeted VIDEO in Games || tornado passes by a man in a car on his cell... http://bit.ly/honb6E,0,0,"[['VIDEO', 17, 22]]",[],[],[],[],shiao-li,0,1,0,0,0,0,0,0,1
844,Tesla to unlock extra range and free Supercharging for cars in Hurricane Dorian's path https://buff.ly/2lRKQBD ,0,0,[],[],[],[],[],shiao-li,0,0,0,0,0,0,0,0,1
846,"After riding Hurricane Michael out in a Panama City motel as the walls shook & cracked, I had no power or cell service for days. I spent two sleepless nights in a shelter & a rental car. I even injured my leg.

I had it easy:  

http://www.latimes.com/nation/la-na-florida-hurricane-mexico-beach-20181013-story.html …",0,1,[],[],[],"[['sleepless', 141, 150]]",[],shiao-li,0,0,0,1,0,0,0,0,1
847,"Heavy rains, thunder storms and flash floods have kept me off the roads today. I consoled myself with lashings of delicious Thai food  Mmmm.",0,1,[],[],[],[],[],shiao-li,0,0,0,0,0,0,0,0,1
848,"I keep telling my friends....I know tons of people who have been in car accidents, but no one who has been through a wildfire. It's different. It changes things. So many friends and colleagues who lost homes were underinsured. How do you know you're underinsured???",0,1,[],[],[],[],[],shiao-li,0,0,0,0,0,0,0,0,1
850,Airbnb offering free housing to Hurricane Dorian evacuees and relief workers https://trib.al/x5Wu9Qp ,0,0,[],[],[],[],[],shiao-li,0,0,0,0,0,0,0,0,1
851,PsBattle: Marabou Stork seeking shelter from Hurricane Matthew in St. Augustine Alligator Farm restroom http://hez.us/8yf865 ,0,0,[],[],[],[],[],shiao-li,0,0,0,0,0,0,0,0,1
852,Be sure to check the American Red cross site for any shelter information in reference to hurricane Sandy.,0,0,[],[],[],[],[],shiao-li,0,0,0,0,0,0,0,0,1
854,"""'I don't have anything left': Hurricane Michael survivors scramble for food, water as death toll rises"" https://www.usatoday.com/story/news/nation/2018/10/13/hurricane-michael-survivors-scramble-food-crews-search-missing/1628842002/ … #HurricaneMichael #destruction",0,0,[],[],[],[],[],shiao-li,0,0,0,0,0,0,0,0,1
855,"Being in single market is dependent on EU membership, says Corbyn – video https://t.co/9JLq2kSxSk",1,0,[],[],[],[],[],shiao-li,0,0,0,0,0,0,0,0,1
856,Hello Calgary!! Important news!! Please be advised!!! http://t.co/ARKTJ9Qn4S,0,1,[],"[['!!', 30, 32], ['!!', 13, 15], ['!!!', 50, 53]]",[],[],[],shiao-li,1,0,0,0,0,0,0,0,1
857,Dim red sun... Chinese food dish or grim reality of wildfire smoke?,0,1,[],[],[],[],[],shiao-li,0,0,0,0,0,0,0,0,1
858,#BBC Hurricane Matthew: Family rescued from car rooftop: A family is rescued after being stranded on top... http://bbc.in/2dGFhii  #USA,0,0,[],[],[],[],[],shiao-li,0,0,0,0,0,0,0,0,1
859,"@Chewy 
I figured it can't hurt to ask, is there anyway you could donate food for animals down in the Bahamas affected by Hurricane Dorian?
#BAHAMASTRONG #HurricaneDorain #chellaphillips #HumaneSocietyOfGrandBahama",0,0,[],[],[],[],[],shiao-li,0,0,0,0,0,0,0,0,1
860,they are saying Hurricane Matthew may be strongest in 60 yrs or so    hope everyone stays safe & finds good shelter,0,1,[],[],[],[],[],shiao-li,0,0,0,0,0,0,0,0,1
861,"Trump to Merkel on Obama s wiretapping  at least we have something in common  https://t.co/aEfJefkbZW pic.twitter.com/5BztA5Kx52  WikiLeaks (@wikileaks) March 17, 2017",1,0,[],[],[],[],[],shiao-li,0,0,0,0,0,0,0,0,1
862,Getting ready to ride out Hurricane Sandy with a Hurricane Cocktail...CHEERS!  http://theblondcook.com/2012/10/hurricane-cocktail/ …,0,1,"[['CHEERS', 70, 76]]","[['!', 76, 77]]",[],[],[],shiao-li,1,1,0,0,0,0,0,0,1
863,"We're still selling cars as usual even though a category 3 hurricane is coming.

You know...priorities ",0,1,[],[],[],[],[],shiao-li,0,0,0,0,0,0,0,0,1
864,Life Alarm donates supplies to shelter for Hurricane Matthew evacuees!!,0,0,[],"[['!!', 69, 71]]",[],[],[],shiao-li,1,0,0,0,0,0,0,0,1
865,"A week after my car gets flooded and I get a new engine, a school bus slams into me and a hurricane is on the way.",0,0,[],[],[],[],[],shiao-li,0,0,0,0,0,0,0,0,1
866,"Yes it is,say dat whn u see da first car fly RT @NoVaselineSmh: RT @NiNiBadd: Is It Bout To Be A Tornado (cont) http://tl.gd/a4u014",0,1,[],[],[],[],[],shiao-li,0,0,0,0,0,0,0,0,1
867,"New rule. No more fucking rallies or campaign events–by anyone–until these people get the help they need.

No Food, No FEMA: Hurricane Michael’s Survivors Are Furious https://thebea.st/2IV0u6C?source=twitter&via=desktop … via @thedailybeast",0,1,[],[],[],[],"[['fucking', 18, 25]]",shiao-li,0,0,0,0,1,0,0,0,1
868,@afterShock_DeLo scuf ps live and the game... cya,1,0,[],[],[],[],[],shiao-li,0,0,0,0,0,0,0,0,1
869,"Hurricane Dorian strikes Bahamas: Homes severely damaged, cars overturned, power lines down https://fxn.ws/2ZEPIbz  #FoxNews",0,0,[],[],[],[],[],shiao-li,0,0,0,0,0,0,0,0,1
870,Hurricane Matthew Journal entry 1: Arrived at the rents on E. No gas in sight. Made a fat plate of food. Belly full and the sun is shining.,0,1,[],[],[],[],[],shiao-li,0,0,0,0,0,0,0,0,1
871,@FoxNewsInsider All Obama is doing is giving a false time schedule on Iran testing there first bomb      Bomb = Nuclear Suicide Vest,1,0,[],[],[],[],[],shiao-li,0,0,0,0,0,0,0,0,1
872,Sir Richard Branson to ride out Hurricane Irma on Necker Island by Our Foreign Staff via News http://ift.tt/2wDtlbj¬†,0,0,[],[],[],[],[],shiao-li,0,0,0,0,0,0,0,0,1
873,@FunkyLilShack @mariaf30 I want a full on bitch slapping guns blazing cake throwing Charles showdown!! Now THAT will be worth the wait ????,1,1,[],"[['!!', 100, 102]]",[],[],[],shiao-li,1,0,0,0,0,0,0,0,1
874,"The latest batch of New York Times/Siena polls are here! 

Arizona: Biden 49%, Trump 43% (Biden +6)
Florida: Biden 47%, Trump 44% (Biden +3)
Pennsylvania: Biden 49%, Trump 43% (Biden + 6)
Wisconsin: Biden 52%, Trump 41% (Biden + 11) https://t.co/LVZw1JhLvH",1,0,[],"[['!', 55, 56]]",[],[],[],shiao-li,1,0,0,0,0,0,0,0,1
875,"Would-be looter in Hurricane Michael-ravaged Florida shot, killed after trying to steal law enforcement vehicle: ...",0,0,[],[],[],[],[],shiao-li,0,0,0,0,0,0,0,0,1
876,#Irma is now a category 5 hurricane - we strongly encourage students & their families to come to campus for shelter: http://aucmed.edu/about/weather-alert.aspx¬†‚Ä¶,0,1,[],[],[],[],[],shiao-li,0,0,0,0,0,0,0,0,1
877,"I'm just sayin.. my car basically touches the ground.. and I'm just chilling in a ""hurricane proof"" school.",0,1,[],[],[],[],[],shiao-li,0,0,0,0,0,0,0,0,1
878,"Exactly. The cause of the Carr Wildfire that cost the lives of two children, their grandmother and two firefighters was:

A car with a blown tire, sparking. 
Not of Federal land. On City land.

Bullet train $$$ drain , illegal sanctuaries & unlimited illegal welfare cost lives.",0,1,[],[],[],[],[],shiao-li,0,0,0,0,0,0,0,0,1
879,"Gargles with warm water &amp; salt or vinegar and drinking lots of warm water can wash away #Coronavirus when its clinging to the throat in first 4 days after entering the body,
So gargle everyday   pl spread this info through retweets #CoronaOutbreak https://t.co/5nvU2rG2tL",1,1,[],[],[],[],[],shiao-li,0,0,0,0,0,0,0,0,1
880,"The Latest: Food, fuel delivery to cars stranded in Kentucky: WASHINGTON (AP) ‚Äî The latest on the blizzard slamming the eastern part ...",0,0,[],[],[],[],[],shiao-li,0,0,0,0,0,0,0,0,1
881,What a virtue signaling eco-fraud Pete Buttigieg is! https://t.co/hn5waiN0bk,1,1,[],"[['!', 51, 52]]",[],[],[],shiao-li,1,0,0,0,0,0,0,0,1
882,ALERT: USDA Offers Food Safety Tips For Hurricane Victims - Please Share This Out! http://silenceisconsent.net/alert-usda-offers-food-safety-tips-hurricane-victims-please-share/¬†‚Ä¶ via @silenceconsentpic.twitter.com/mMvErtF9Ei,0,0,"[['ALERT', 0, 5]]","[['!', 81, 82]]",[],[],[],shiao-li,1,1,0,0,0,0,0,0,1
883,#CallFire Wildfire started by a vehicle at Cow Flat rd & Hwy 178 near Lake Isabella California. Hwy 178 is closed in both directions. https://www.bakersfield.com/news/breaking/car-fire-spreads-to-hills-on-highway/article_77eeb530-a344-11e8-a5a0-dfbcd650736c.html¬†‚Ä¶,0,0,[],[],[],[],[],shiao-li,0,0,0,0,0,0,0,0,1
884,"Viral posts misleadingly claim that doctors in Japan advise people to drink water every 15 minutes in order to prevent being infected by the novel #coronavirus, #COVID19. 

#BOOMFactCheck #FakeNews #CoronaVirusFacts #coronavirus
#CoronavirusOutbreak

https://t.co/RbzX6qF18z",1,0,[],[],[],[],[],shiao-li,0,0,0,0,0,0,0,0,1
885,all ima tell this tornado is if you do touchdown plese dn`t touch my car please & thanks !,0,1,[],"[['!', 89, 90]]",[],[],[],shiao-li,1,0,0,0,0,0,0,0,1
886,Did you lose power during the blizzard? How to tell if your food is safe http://dlvr.it/DM3Tp5¬†,0,0,[],[],[],[],[],shiao-li,0,0,0,0,0,0,0,0,1
887,"Strong mag. 6.0 #earthquake  - Laos on Wednesday, 20 November 2019 - share your experience - information
https://t.co/JvSiJxRgE8",1,0,[],[],[],[],[],shiao-li,0,0,0,0,0,0,0,0,1
888,"Give that man a bakkie! After nurse‚Äôs vehicle was damaged during US wildfire rescue, Toyota gives him brand new wheels https://www.wheels24.co.za/OffRoad_and_4x4/Bakkie_and_SUV/give-that-man-a-bakkie-after-nurses-vehicle-was-damaged-during-us-wildfire-rescue-toyota-gives-him-brand-new-wheels-20181115¬†‚Ä¶ via @Wheels24",0,1,[],"[['!', 22, 23]]",[],[],[],shiao-li,1,0,0,0,0,0,0,0,1
889,"If you're anywhere where hurricane Irma is gonna hit, please stay safe and evacuate if you can or find shelter somewhere",0,1,[],[],[],[],[],shiao-li,0,0,0,0,0,0,0,0,1
890,"Boy, 6, saves money to visit Disney World, spends it on food for Hurricane Dorian evacuees instead",0,0,[],[],[],[],[],shiao-li,0,0,0,0,0,0,0,0,1
891,I hope everyone in  Southeast in the path of Hurricane Matthew is taking every precaution. There is still time to evacuate or find shelter.,0,1,[],[],[],[],[],shiao-li,0,0,0,0,0,0,0,0,1
892,@ellenfromnowon 7-speed nexus shifter å£9! (For community cargo bike?) http://t.co/rjPjBwVfck,1,0,[],"[['!', 41, 42]]",[],[],[],shiao-li,1,0,0,0,0,0,0,0,1
893,I'm really craving either Mexican food or fries.. Or both.. But nobody's going to deliver bc this fucking blizzard. ,0,1,[],[],[],[],[],shiao-li,0,0,0,0,0,0,0,0,1
894,"Septa has shut down because of the Hurricane Sandy, which means I can't ride the train to Delaware. ",0,0,[],[],[],[],[],shiao-li,0,0,0,0,0,0,0,0,1
895,Driver forced to ‚Äòride it out‚Äô in truck during tornado in TN - http://bit.ly/lTsJKf #Trucking #Tornado #Safety,0,0,[],[],[],[],[],shiao-li,0,0,0,0,0,0,0,0,1
896,"Biden Quietly Pardons 2,617 BLM’s Rioters, Looters, Arsonists and Murderers, https://t.co/fKsdyA7eXN",1,0,[],[],[],[],[],shiao-li,0,0,0,0,0,0,0,0,1
897,Dr. Besser's 3 Tips to Ride Hurricane #Sandy Out Safely | ABC News Blogs - Yahoo! http://gma.yahoo.com/blogs/abc-blogs/dr-bessers-3-tips-ride-hurricane-sandy-safely-230928077--abc-news-health.html … … #staysafe,0,0,[],"[['!', 80, 81]]",[],[],[],shiao-li,1,0,0,0,0,0,0,0,1
898,I ask my followers to please pardon me right now for being distracted by local stuff but people abandoning their cars so they can run for their lives from a wildfire is hard to ignore. All of Cali is local to me.,0,1,[],[],[],[],[],shiao-li,0,0,0,0,0,0,0,0,1
899,Get ur priorities str8 MIAMI!!! Yes issa Hurricane but what good is a full tank ofif your car is dirty?ALWAYS stay CLEAN my friends! pic.twitter.com/APtKVksXA4,0,1,[],"[['!!!', 28, 31], ['!', 131, 132]]",[],[],[],shiao-li,1,0,0,0,0,0,0,0,1
900,@AmuMumuX lava you.?? quit actin up,1,1,[],[],[],[],[],shiao-li,0,0,0,0,0,0,0,0,1
901,"I have lived through many a hurricane, and the food you eat during it is usually awful. Lots of canned foods and bags of chips. And bananas",0,1,[],[],[],[],[],shiao-li,0,0,0,0,0,0,0,0,1
902,Migrants drown at sea after boat capsizes off #Libya http://t.co/t4pv0nrOoV http://t.co/PSeYLYzck4,0,0,[],[],[],[],[],shiao-li,0,0,0,0,0,0,0,0,1
903,@hornybigbadwolf -sets the forest on fire-,0,0,[],[],[],[],[],shiao-li,0,0,0,0,0,0,0,0,1
904,"No, Biden won't ban fracking https://t.co/Z6JYN7Qmvh",1,0,[],[],[],[],[],shiao-li,0,0,0,0,0,0,0,0,1
905,Dave Grohl delivers food to first responders fighting California wildfires. #infinitefireinc #davegrohl #firstresponders #californiawildfires https://www.etonline.com/dave-grohl-delivers-food-to-first-responders-fighting-california-wildfires-113719¬†‚Ä¶pic.twitter.com/7DXMZQOKtk,0,0,[],[],[],[],[],shiao-li,0,0,0,0,0,0,0,0,1
906,"@ElizaLentzski But on the plus side, no blizzard. Sort of like washing your car to make it rain. I think you're still ahead of the game.",0,1,[],[],[],[],[],shiao-li,0,0,0,0,0,0,0,0,1
907,Airbnb Offers Free Housing To Residents Displaced By Hurricane Dorian & Disaster Relief Workers - JAX GAY http://jaxgay.com/8/post/2019/09/airbnb-offers-free-housing-to-residents-displaced-by-hurricane-dorian-disaster-relief-workers.html …,0,0,[],[],[],[],[],shiao-li,0,0,0,0,0,0,0,0,1
908,I'm crying that song just ended setting myself on fire  https://t.co/i2El5aCrRW,1,1,[],[],[],[],[],shiao-li,0,0,0,0,0,0,0,0,1
909,"Hurricane evacuees, you can stay in a shelter with your pets in Austin. Austin Animal Center staff & volunteers are there to help! https://twitter.com/austintexasgov/status/902199791890952193¬†‚Ä¶",0,0,[],[],[],[],[],shiao-li,0,0,0,0,0,0,0,0,1
910,"LOL. My friend Adam just checked into ""The Cheetah Tornado Shelter."" #atlweather",0,0,[],[],[],[],[],shiao-li,0,0,0,0,0,0,0,0,1
911,".@RudyGiuliani accused @JoeBiden of bribing the president of Ukraine so he would ""fire a prosecutor who is investigating the vice president's son.""

 https://t.co/CM08KkKBAp",1,0,[],[],[],[],[],shiao-li,0,0,0,0,0,0,0,0,1
912,Crazy video of Congressman Alan Grayson going off on a Politico reporter has been released. Grayson appears to be such an elitist and a pompous a@@ when addressing the reporter. ,1,0,[],[],[],[],"[['a@@', 144, 147]]",shiao-li,0,0,0,0,1,0,0,0,1
913,"This is what happens when the Trump administration takes nearly $10 million away from FEMA and other federal agencies to pay for immigration detention centers 

No Food, No FEMA: Hurricane Michael’s Survivors Are Furious https://thebea.st/2IV0u6C?source=twitter&via=desktop … via @thedailybeast",0,1,[],[],[],[],[],shiao-li,0,0,0,0,0,0,0,0,1
914,And the right car. He has time.,0,1,[],[],[],[],[],shiao-li,0,0,0,0,0,0,0,0,1
915,Hurricane Matthew isn't even here yet and I've already eaten all of our food,0,0,[],[],[],[],[],shiao-li,0,0,0,0,0,0,0,0,1
916,Ali you flew planes and ran into burning buildings why are you making soup for that man child?! #BooRadleyVanCullen,1,1,[],"[['!', 94, 95]]",[],[],[],shiao-li,1,0,0,0,0,0,0,0,1
917,@CranBoonitz So going to make any bomb threats? @HereticOfEthics,1,0,[],[],[],[],[],shiao-li,0,0,0,0,0,0,0,0,1
918,I'm raising money for Hurricane Dorian Food Supplies. Click to Donate:  https://www.gofundme.com/hurricane-dorian-food-supplies?pc=tw_co_share_m&rcid=r01-156755945563-88169f67c2364e36 … via @gofundme,0,0,[],[],[],[],[],shiao-li,0,0,0,0,0,0,0,0,1
919,"Would-be looter in Hurricane Michael-ravaged Florida shot, killed after trying to steal law enforcement vehicle
https://www.foxnews.com/us/would-be-looter-in-hurricane-michael-ravaged-florida-shot-killed-after-trying-to-steal-law-enforcement-vehicle-report …",0,0,[],[],[],[],[],shiao-li,0,0,0,0,0,0,0,0,1
920,Food safety tips for those in path of Hurricane Matthew | Food Safety News http://www.foodsafetynews.com/2016/10/food-safety-tips-for-those-in-path-of-hurricane-matthew/ …,0,0,[],[],[],[],[],shiao-li,0,0,0,0,0,0,0,0,1
921,These People Had An Inventive Way Of Keeping Their Car Safe During Hurricane Matthew http://uproxx.com/webculture/car-safe-hurricane-matthew/ …,0,0,[],[],[],[],[],shiao-li,0,0,0,0,0,0,0,0,1
922,"#WWIII: #IndonesianNavy submarine KRI #Nanggala with 53 crew members aboard &amp; taking part in torpedo drill goes missing mysteriously off Bali coast. Indonesia calls on Australia &amp; Singapore for help in rescue. Submarine is feared to have sunk 700-mtr-deep.
https://t.co/pzU8BUZEwr https://t.co/DRFkIkovHr",1,0,[],[],[],[],[],shiao-li,0,0,0,0,0,0,0,0,1
924,AJE News : Horrors left by Hurricane Matthew become clear in Haiti: Fears of cholera outbreak and food shorta... http://bit.ly/2dZuMWc ,0,0,[],[],[],[],[],shiao-li,0,0,0,0,0,0,0,0,1
925,What a goooooooaaaaaal!!!!!!,1,1,[],"[['!!!!!!', 22, 28]]",[],[],[],shiao-li,1,0,0,0,0,0,0,0,1
926,ÛÏYou see the devastation &amp; itÛªs shocking.ÛÏ  Firefighters continue to battle flames in California. benstracy reports Û_,0,1,[],[],"[['shocking', 40, 48]]",[],[],shiao-li,0,0,1,0,0,0,0,0,1
927,Severe hailstorm in progress over Northeast Logan County... #cowx http://t.co/XK9OwGV1O5,0,1,[],[],[],[],[],shiao-li,0,0,0,0,0,0,0,0,1
928,@thoutaylorbrown I feel like accidents are just drawn to you but I'm happy you've survived all of them. Hope you're okay!!!,1,1,[],"[['!!!', 120, 123]]",[],[],[],shiao-li,1,0,0,0,0,0,0,0,1
929,Survivors scramble for food and water in the wake of Hurricane Michael https://distressedvolatility.com/2018/10/13/survivors-scramble-for-food-and-water-in-the-wake-of-hurricane-michael/ …,0,0,[],[],[],[],[],shiao-li,0,0,0,0,0,0,0,0,1
930,Ignition Knock (Detonation) Sensor-Senso Standard KS161 http://t.co/WadPP69LwJ http://t.co/yjTh2nABv5,1,0,[],[],[],[],[],shiao-li,0,0,0,0,0,0,0,0,1
931,Hurricane Matthew shifts west with US in view - CNN. Flashlights. Food. Prayer https://apple.news/Ab1cmW_1wRhyiKElEv428sw …,0,0,[],[],[],[],[],shiao-li,0,0,0,0,0,0,0,0,1
932,"A video from 2018 was shared as CAA protesters setting ablaze photos of Hindu deities. Among those who circulated it was BJP spokesperson Sambit Patra. #AltNewsFactCheck #CAA_NRC_Protests. | @ArchitMeta 

https://t.co/2CjBnQogls",1,0,[],[],[],[],[],shiao-li,0,0,0,0,0,0,0,0,1
933,@JoannaCoon1 sorry my food arrived... I didn't get a chance to shop bc of the blizzard so ughh,0,1,[],[],[],[],[],shiao-li,0,0,0,0,0,0,0,0,1
934,"Vaping concentrate while waiting on more medicine for the hurricane, I'm gonna ride this out‚Ä¶ https://www.instagram.com/p/BYt-LgxBQBA/¬†",0,1,[],[],[],[],[],shiao-li,0,0,0,0,0,0,0,0,1
935,Getting ready to ride out this blizzard by my lonesome.,0,1,[],[],[],[],[],shiao-li,0,0,0,0,0,0,0,0,1
936,"This is your government on conservatism... and partisanship...

No food, no FEMA: Hurricane Michael's survivors are furious - The Daily Beast https://apple.news/APp4E5UMtQT2ULJVMPM0ovw …",0,1,[],[],[],[],[],shiao-li,0,0,0,0,0,0,0,0,1
937,"ALABAMA:Couple Survives Tornado in a Below Ground Shelter Built for $ 600 USD; House Completely Destroyed
http://reut.rs/iXWsNP #alwx",0,0,[],[],[],[],[],shiao-li,0,0,0,0,0,0,0,0,1
938,"Vijay Goel, former president of BJP's Delhi unit, shared this photo with the claim that it showed a recent water crisis under the #ArvindKejriwal-led government.
#FactCheck #DelhiNews #ViralPhoto

https://t.co/xMtHjzOPIL",1,0,[],[],[],[],[],shiao-li,0,0,0,0,0,0,0,0,1
939,Hurricane Dorian drives man to park his car in his kitchen https://www.autoblog.com/2019/09/05/hurricane-dorian-smart-car-in-kitchen/ …,0,0,[],[],[],[],[],shiao-li,0,0,0,0,0,0,0,0,1
941,"Hurricane Harvey prepper update: Sh#t just hit the fan in South Texas... non-preppers hurting badly as food, ... - http://ronkollman.com/hurricane-harvey-prepper-update-sht-just-hit-the-fan-in-south-texas-non-preppers-hurting-badly-as-food-water-power-and-emergency-services-fail/¬†‚Ä¶pic.twitter.com/KoEOMZRpZ7",0,1,[],[],[],[],"[['Sh#t', 33, 37]]",shiao-li,0,0,0,0,1,0,0,0,1
942,"@HuckabeeonTBN No Food, No FEMA: Hurricane Michael’s Survivors Are Furious https://thebea.st/2IV0u6C?source=twitter&via=desktop … via @thedailybeast",0,0,[],[],[],[],[],shiao-li,0,0,0,0,0,0,0,0,1
943,The wind is going to be 185 miles an hour we also have food everyone in Florida  keep safe this hurricane is lot bigger than  Andrew.,0,1,[],[],[],[],[],shiao-li,0,0,0,0,0,0,0,0,1
944,#news Shirtless man lounges in the middle of the ocean during Hurricane Matthew: Richard Neal decided to ride... http://cnn.it/2dJxCPp ,0,0,[],[],[],[],[],shiao-li,0,0,0,0,0,0,0,0,1
945,"The new #IPCC report describes a world of worsening food shortages and wildfires, and a mass die-off of coral reefs as soon as 2040 ‚Å¶@CoralMDavenport‚Å© #climatechange https://www.nytimes.com/2018/10/07/climate/ipcc-climate-report-2040.html¬†‚Ä¶",0,0,[],[],[],[],[],shiao-li,0,0,0,0,0,0,0,0,1
946,"Westlake kids laugh at floods ""Mom I'm taking the boat to whole foods!""",0,0,[],"[['!', 69, 70]]",[],[],[],shiao-li,1,0,0,0,0,0,0,0,1
947,Dramatic video shows officers evacuating animal shelter in wildfire's path http://nbcchi.com/XJz9Q5W¬†pic.twitter.com/GXHk6c8Kqs,0,0,[],[],[],[],[],shiao-li,0,0,0,0,0,0,0,0,1
948,Just had a heart attack because I thought my goat was dead. ???? don't worry Rocket is okay. ??,1,1,[],[],[],[],[],shiao-li,0,0,0,0,0,0,0,0,1
949,The hurricane better not come to mobile while my car down there we in this shit together ,0,1,[],[],[],[],"[['shit', 75, 79]]",shiao-li,0,0,0,0,1,0,0,0,1
950,"Lady Gaga Volunteers at Wildfire Shelter After Fleeing Home, Gives Powerful Speech to Survivors - http://PEOPLE.com¬† https://ift.tt/2ProIMt¬† #ladygaga",0,0,[],[],[],[],[],shiao-li,0,0,0,0,0,0,0,0,1
951,"Leaked Emails: Hillary Claimed Terror, Russia Not ‘Threats’ https://t.co/3fjodRdpyJ via @LifeZette",1,0,[],[],[],[],[],shiao-li,0,0,0,0,0,0,0,0,1
952,"This hurricane has been one of the funnest/one of the scariest moments ever, I nearly drowned in my car but I also have a pool in the street",0,1,[],[],[],[],[],shiao-li,0,0,0,0,0,0,0,0,1
953,Tornado missed our shelter in St Louis - the staff and kids are ok,0,0,[],[],[],[],[],shiao-li,0,0,0,0,0,0,0,0,1
954,Florida man parks Smart car in kitchen to protect against Hurricane Dorian https://ift.tt/34pTFV9 ,0,0,[],[],[],[],[],shiao-li,0,0,0,0,0,0,0,0,1
955,"Praying for everyone in the blizzard. Special prayers for those who are homeless, stuck in cars and those with no power or heat",0,0,[],[],[],[],[],shiao-li,0,0,0,0,0,0,0,0,1
956,"This year especially, the Coronavirus pandemic is challenging our communities in ways we could never have imagined, and it's leaving vulnerable children at greater risk than ever before. #IMCD #IMCDKenya #InternationalMissingChildrensDay https://t.co/XNYyFFR5YJ",1,1,[],[],[],[],[],shiao-li,0,0,0,0,0,0,0,0,1
957,"No, Pakistani flags were not waved at Rahul Gandhi's pre-nomination roadshow in Wayanad https://t.co/dujj7H0bH4 via @AltNews",1,0,[],[],[],[],[],shiao-li,0,0,0,0,0,0,0,0,1
958,Unlikely hurricane hero takes over chaotic Texas storm shelter - AOL News https://www.aol.com/article/news/2017/08/28/unlikely-hurricane-hero-takes-over-chaotic-texas-storm-shelter/23188204/?a_dgi=aolshare_twitter¬†‚Ä¶ #ThankYou #ZacharyDearing,0,0,[],[],[],[],[],shiao-li,0,0,0,0,0,0,0,0,1
959,Photo: gawkercom: We’re happy to report that Brooklyn’s shelter dogs survived Hurricane Sandy and dressed up... http://tmblr.co/ZuquHwWOHh7C ,0,0,[],[],[],[],[],shiao-li,0,0,0,0,0,0,0,0,1
961,Car sick from watching a video of someone driving and filming the tornado aftermath..isn't it enough to make you sick w/o the motion part?,0,1,[],[],[],[],[],shiao-li,0,0,0,0,0,0,0,0,1
962,"Sorry, that's stupid.
You don't pack up your whole life, you pack up important stuff you can throw in a car quickly. We've temporarily evacuated twice in Colorado due to the possibility of wildfire spreading into town, and we'll do it every time if it happens again.",0,1,[],[],[],[],[],shiao-li,0,0,0,0,0,0,0,0,1
963,These are animals that were in shelter before the hurricane hit - mostly strays and unclaimed animals - not people's family pets.,0,0,[],[],[],[],[],shiao-li,0,0,0,0,0,0,0,0,1
964,Send love to my boy @RegD7 who is listening to the #Sabres game from a tornado shelter in St. Louis. You can take a guy out of Buffalo...,0,1,[],[],[],[],[],shiao-li,0,0,0,0,0,0,0,0,1
965,Be careful! RT @c_breezi: Soo the wind blew me and my little car over 3 lanes. This tornado tonight is gonna be no joke.,0,1,[],"[['!', 10, 11]]",[],[],[],shiao-li,1,0,0,0,0,0,0,0,1
967,"Hurricane Dorian is Hurricane María 2.0 for me and I’m nervous :( buying water, putting gas, buying canned food..it gives me bad flashbacks",0,1,[],[],[],[],[],shiao-li,0,0,0,0,0,0,0,0,1
968,Reading for work has collided with reading for pleasure. Huzzah. Don't miss @molly_the_tanz's Vermilion! http://t.co/83bMprwH7W,1,1,[],"[['!', 103, 104]]",[],[],[],shiao-li,1,0,0,0,0,0,0,0,1
969,"It looks like we re not the only ones who are 100% FED UP! with people protesting to defend lawbreakers in our country Watch:Wow. Nasty Trump supporters in Iowa tear up a Latino protestor s sign. RT @GoodSam10 @DREAMIowa pic.twitter.com/G5R6H1lLe8   Gabe! Ort z (@TUSK81) September 12, 2015Here are the comments on the Twitter account where this video was posted:",1,1,"[['FED', 51, 54], ['UP', 55, 57]]","[['!', 57, 58]]",[],[],[],shiao-li,1,1,0,0,0,0,0,0,1
970,Shelter From Hurricane Matthew or Face 'Immense Human Suffering': Hurricane conditions could descend upon Florida… http://m.tbnn.it/MPqn54 ,0,0,[],[],[],[],[],shiao-li,0,0,0,0,0,0,0,0,1
971,"@realDonaldTrump - Do your fvcking job! 
No Food, No FEMA: Hurricane Michael’s Survivors Are Furious https://www.thedailybeast.com/no-food-no-fema-hurricane-michaels-survivors-are-furious …",0,1,[],"[['!', 38, 39]]",[],[],"[['fvcking', 27, 34]]",shiao-li,1,0,0,0,1,0,0,0,1
972,Hurricanes don't stop us. Good ride last night! #HurricaneHarveypic.twitter.com/9WZi6mm7qm,0,0,[],"[['!', 46, 47]]",[],[],[],shiao-li,1,0,0,0,0,0,0,0,1
973,@NeanderRebel If you take the suit off him I wouldn't be surprised to hear this is the face that belonged to another democrat mass-murderer,0,1,[],[],[],[],[],shiao-li,0,0,0,0,0,0,0,0,1
974,One of our families lost a car in the Tuscaloosa tornado.  Do you have an extra car that you would be willing to donate to them?,0,0,[],[],[],[],[],shiao-li,0,0,0,0,0,0,0,0,1
975,"Car in a field. (Well, the top of the car in the field!) #Indiana #flood #MonroeCo #INwx http://instagram.com/p/iPpssAEOLd/¬†",0,0,[],"[['!', 54, 55]]",[],[],[],shiao-li,1,0,0,0,0,0,0,0,1
976,#Autoslash Picking up a Car Rental During Hurricane Matthew. Read Blog: http://owler.us/abGBCV ,0,0,[],[],[],[],[],shiao-li,0,0,0,0,0,0,0,0,1
977,"World itself doesn‚Äôt end, it becomes uninhabitable for humans & many other species now existing, more wildfires, hurricanes, famines, droughts, extinction of many food source animals & plants, WE CAN AVOID THIS DECIMATION #ClimateChangeIsReal",0,1,"[['WE', 195, 197], ['CAN', 198, 201], ['AVOID', 202, 207], ['THIS', 208, 212], ['DECIMATION', 213, 223]]",[],[],[],[],shiao-li,0,1,0,0,0,0,0,0,1
978,Goa Congress member falsely branded as ‘Naxal Bhabhi’ in Hathras case - Alt News @INCGoa ⁦@INCIndia⁩ ⁦@INCMumbai⁩ ⁦@INCSMDept⁩ ⁦@rohanrgupta⁩ ⁦@AjayLalluINC⁩ ⁦@PratibhaBorkar⁩  https://t.co/wHQeF10sfG,1,0,[],[],[],[],[],shiao-li,0,0,0,0,0,0,0,0,1
979,The fact people are still joking about Hurricane Matthew... People houses and cars are being flooded and it's not even here yet,0,1,[],[],[],[],[],shiao-li,0,0,0,0,0,0,0,0,1
980,"@bblackcorazon i love stick shift,my Car died in a flash flood a couple weeks ago. i miss it soo bad. Automatics suck balls",0,1,[],[],[],[],[],shiao-li,0,0,0,0,0,0,0,0,1
981,@ThatRussianMan you're too busy finishing those weapon designs,1,1,[],[],[],[],[],shiao-li,0,0,0,0,0,0,0,0,1
982,Wreckage 'Conclusively Confirmed' as From MH370: Malaysia PM: Investigators and the families of those who were... http://t.co/nn6Y0fD3l0,0,0,[],[],[],[],[],shiao-li,0,0,0,0,0,0,0,0,1
983,"Carol Cox says she's been told by @Nissan there's nothing left they can do for her when it comes to fixing her new car - meanwhile, she and her husband have been stranded in NS as Hurricane Michael bears down on their home in Florida",0,0,[],[],[],[],[],shiao-li,0,0,0,0,0,0,0,0,1
984,@canagal Good to hear it's back.. that storm's been given you guys trouble though :( ^SJ,0,1,[],[],[],[],[],shiao-li,0,0,0,0,0,0,0,0,1
985,Wisconsin is losing me on this one-no common sense whatsoever in this ban. This is what happens when government regulation goes overboard! ,1,1,[],"[['!', 137, 138]]",[],[],[],shiao-li,1,0,0,0,0,0,0,0,1
986,"""CDC: As many people have died from Covid-19 vaccines as ALL vaccines in last 20 years COMBINED"" 

https://t.co/XoMC5FfBy6",1,0,"[['COMBINED', 87, 95]]",[],[],[],[],shiao-li,0,1,0,0,0,0,0,0,1
987,i swea it feels like im about to explode ??,1,1,[],[],[],[],[],shiao-li,0,0,0,0,0,0,0,0,1
988,I say this every hurricane: it's expensive AF to evacuate & not everyone has a reliable vehicle https://twitter.com/cnalive/status/901460592275275777¬†‚Ä¶,0,1,[],[],[],[],[],shiao-li,0,0,0,0,0,0,0,0,1
989,"78-Year-Old Woman, Scared to Drive in Blizzard, Found Dead in Car Outside NJ Burger King http://fb.me/4n2BfuH8G¬†",0,0,[],[],[],[],[],shiao-li,0,0,0,0,0,0,0,0,1
990,@spinningbot Are you another Stand-user? If you are I will have to detonate you with my Killer Queen.,1,1,[],[],[],[],[],shiao-li,0,0,0,0,0,0,0,0,1
991,My car was just floating in this fucking flash flood. This is scary shit,0,1,[],[],[],[],"[['fucking', 33, 40], ['shit', 68, 72]]",shiao-li,0,0,0,0,1,0,0,0,1
992,The potential for a border war that has been simmering at the Line of Actual Control (LAC) between India and China could reach a boiling point as hostilities increased on Monday night. https://t.co/5oPBrINKZB,1,0,[],[],[],[],[],shiao-li,0,0,0,0,0,0,0,0,1
993,"#CCP
#Taiwan
Taiwan has reportedly shot-down a Chinese Air Force Su-35 aircraft that supposedly violated its airspace
https://t.co/1cJyw2TZD2",1,0,[],[],[],[],[],shiao-li,0,0,0,0,0,0,0,0,1
994,"I believe Donald's refusal to let Bahamian refugees from hurricane Dorian to leave the islands even temporarily to evacuate to the US would fall under the category of ""attempted genocide.""

No power, no shelter, no medicine, little food or water—people *will* die.",0,1,[],[],[],[],[],shiao-li,0,0,0,0,0,0,0,0,1
995,"Kashmiris and Muslims protesting in Southall London UK after Namaz Juma agaisnt India's  violation of Article 370 and called it ""another Palestine alike in the making."" https://t.co/JepImDzd2E",1,0,[],[],[],[],[],shiao-li,0,0,0,0,0,0,0,0,1
996,"THR: DESTRUCTIVE TORNADO RIPPING THROUGH TUSCALOOSA, AL NOW! TAKE SHELTER NOW!!! #severe http://dlvr.it/PwRS5 (BN) #tcot",0,1,"[['DESTRUCTIVE', 5, 16], ['TORNADO', 17, 24], ['RIPPING', 25, 32], ['THROUGH', 33, 40], ['TUSCALOOSA', 41, 51], ['NOW', 56, 59], ['TAKE', 61, 65], ['SHELTER', 66, 73], ['NOW', 74, 77]]","[['!!!', 77, 80], ['!', 59, 60]]",[],[],[],shiao-li,1,1,0,0,0,0,0,0,1
997,"A two year old video is viral as Indians in Spain now are celebrating building of Ram Mandir in Ayodhya.
A video is viral on social media in which a group of boys and girls in India attire using Dhols and other Indian musical instruments while walking on.. https://t.co/bWhO3OS4De https://t.co/dtd2CosbPe",1,0,[],[],[],[],[],shiao-li,0,0,0,0,0,0,0,0,1
998,More Shelter Pets Coming To San Diego Due To Hurricane Harvey http://dlvr.it/Pl0mGG¬†,0,0,[],[],[],[],[],shiao-li,0,0,0,0,0,0,0,0,1
999,Anti Collision Rear- #technology #cool http://t.co/vpvJ5hRc1i Via Techesback #Tech,1,0,[],[],[],[],[],shiao-li,0,0,0,0,0,0,0,0,1
1000,"NASA: RT NASAKennedy: With Hurricane Dorian forecast to bring hurricane conditions to the Kennedy Space Center in just a few hours, 120 members of the “Ride Out Team” reported to the Launch Control Center to monitor and mitigate possible damage to spacef… pic.twitter.com/cyqhcMPXRM",0,0,[],[],[],[],[],shiao-li,0,0,0,0,0,0,0,0,1
1002,Julie + R is the apocalypse version of Romeo + Juliet #warmbodies,1,1,[],[],[],[],[],shiao-li,0,0,0,0,0,0,0,0,1
1004,"Pandering Hillary s getting a little karma Black Lives Matter are now protesting at the #DNCinPHL with the sign 'Hillary, delete yourself.'pic.twitter.com/QU9HZCmdRj  Breaking911 (@Breaking911) July 26, 2016",1,0,[],[],[],"[['Pandering', 0, 9]]",[],shiao-li,0,0,0,1,0,0,0,0,1
1011,WCW @catsandsyrup THA BITCH IS FIRE,1,1,"[['THA', 18, 21], ['BITCH', 22, 27], ['IS', 28, 30], ['FIRE', 31, 35]]",[],[],[],"[['BITCH', 22, 27]]",shiao-li,0,1,0,0,1,0,0,0,1
1015,"U.S. Sen. John Cornyn recently said that “no one under the age of 20 has died of the coronavirus. We still don’t know whether children can get it and transmit it to others.”

Is that a fact? https://t.co/zxuPQIudpI",1,0,[],[],[],[],[],shiao-li,0,0,0,0,0,0,0,0,1
1017,"#COVID19 vaccine produced by China's #Sinovac Biotech is efficacious in preventing COVID-19 in adults under 60, but some quality data on the risk of serious adverse effects is lacking, World Health Organization experts have found.

#DutertePalpak
https://t.co/mT2kQDBik5 https://t.co/4L5jFbbxGq",1,0,[],[],[],"[['lacking', 176, 183]]",[],shiao-li,0,0,0,1,0,0,0,0,1
1019,"It's Gold for us at the Cadet World Wrestling Championship today!
Indian Wrestler Priya Malik Wins Gold Medal At 2021 World Wrestling Championships in #Hungary #Budapest

#Wrestling

म्हारी छोरियां छोरों से कम हैं के 💪
#PriyaMalik https://t.co/eYWfoPXvHk",1,0,[],"[['!', 64, 65]]",[],[],[],shiao-li,1,0,0,0,0,0,0,0,1
1030,Due to the rainstorm last night cupcake decorating is happening NOW at the Rec Hall! $2 - proceeds to #IWK! http://t.co/EaRONLwIFh,1,0,"[['NOW', 64, 67]]","[['!', 83, 84], ['!', 106, 107]]",[],[],[],shiao-li,1,1,0,0,0,0,0,0,1
1037,Finnish ministers: Fennovoima nuclear reactor will go ahead http://t.co/mqMCOLwBzc,1,0,[],[],[],[],[],shiao-li,0,0,0,0,0,0,0,0,1
1038,"A new wild-eyed conspiracy theory about radioactive ballot tracking as part of a DHS sting operation ""proving"" that the Democratic Party is ""stealing the vote"" is -- yes, you guessed it -- disinformation:

https://t.co/Gf2Aro4IT6",1,0,[],[],[],[],[],shiao-li,0,0,0,0,0,0,0,0,1
1041,"#StayAwareStaySafe
Dera Sacha Sauda urges everyone to follow the directions given by the government to stay safe and let others be safe 
- Stay at home, stay safe
-Practice social distancing
-Follow the lockdown guideline
https://t.co/Sv8IKPZdao",1,1,[],[],[],[],[],shiao-li,0,0,0,0,0,0,0,0,1
1049,Wait until i tell my college friend who reafs bloody mary too about the drama cd,1,0,[],[],[],[],[],shiao-li,0,0,0,0,0,0,0,0,1
1055,"@nuggets #FETTILOOTCH IS #SLANGLUCCI OPPRESSIONS GREATEST DANGER COMING SOON THE ALBUM 
https://t.co/moLL5vd8yD",1,0,"[['OPPRESSIONS', 37, 48], ['GREATEST', 49, 57], ['IS', 22, 24], ['DANGER', 58, 64], ['COMING', 65, 71], ['SOON', 72, 76], ['THE', 77, 80], ['ALBUM', 81, 86]]",[],[],[],[],shiao-li,0,1,0,0,0,0,0,0,1
1059,"A recent video of police lathi-charge on people during the Durga Puja procession in Bihar's Munger is doing the rounds on Facebook with claims that it shows West Bengal police's brutality. #BOOMFactCheck #FakeNews #Bihar #Munger

https://t.co/sVoW4fJEHQ",1,0,[],[],[],[],[],shiao-li,0,0,0,0,0,0,0,0,1
1060,"Nancy Astor, Viscountess Astor, was elected in a by-election for the constituency of Plymouth Sutton in November 1919 following her husband's elevation to the Lords. @Jacqui1918 's blog explores Astor's role as mother inside and outisde Parliament. 
📝 https://t.co/gHBn41GHUs",1,0,[],[],[],[],[],shiao-li,0,0,0,0,0,0,0,0,1
1063,@crazyindapeg @VETS78734 completely understandable considering the trauma #ptsdchat,1,1,[],[],[],[],[],shiao-li,0,0,0,0,0,0,0,0,1
1065,"Mrs. Sudha Murthy ji Chairperson of Infosys company sells vegetables in front of Venkateshwar temple for one day every year, to vanish Ahankar (Pride ) Simply great lady 🙏🙏

#PositiveVibes
#SudhaMurthy 🇮🇳
☺️☺️ https://t.co/iO5X6Ay6yo",1,0,[],[],[],[],[],shiao-li,0,0,0,0,0,0,0,0,1
1066,"Truth...
https://t.co/h6amECX5K7
#News
#BBC
#CNN
#Islam
#Truth
#god
#ISIS
#terrorism
#Quran
#Lies http://t.co/B8iWRdxcm0",1,1,[],[],[],[],[],shiao-li,0,0,0,0,0,0,0,0,1
1068,#hot  Funtenna: hijacking computers to send data as sound waves [Black Hat 2015] http://t.co/cx6auPneMu #prebreak #best,1,0,[],[],[],[],[],shiao-li,0,0,0,0,0,0,0,0,1
1070,"Fucking Disgusting!!! #netflix ceo Reed Hastings was just arrested for having 13,000 files of child pornography. Time for everyone to cancel your subscriptions @reedhastings https://t.co/ap62wrJank",1,1,"[['!!!', 18, 21]]",[],[],[],[],shiao-li,0,1,0,0,0,0,0,0,1
1071,Trump insists ObamaCare repeal bill covers pre-existing conditions despite intense criticism https://t.co/wVv0bVl37e https://t.co/DodjhIaMGg,1,0,[],[],[],[],[],shiao-li,0,0,0,0,0,0,0,0,1
1072,"How should the Democrats respond to this propoganda?
The Democratic Party must write its own narrative so POTUS can focus on his day job.

Donald Trump: Democrats 'Medicare for All' plan will demolish promises to seniors https://t.co/t0n98uJsmC via @usatoday",1,1,[],[],[],[],[],shiao-li,0,0,0,0,0,0,0,0,1
1079, I m David Duke and this is a quick unscripted response to the CNN interview today with Donald Trump. The inaccurate reporting by the media that I had endorsed Donald Trump  I am not endorsing Donald Trump. ,1,1,[],[],[],[],[],shiao-li,0,0,0,0,0,0,0,0,1
1082,@TanSlash waiting for an ambulance,1,0,[],[],[],[],[],shiao-li,0,0,0,0,0,0,0,0,1
1084,"BRAVO and spot on!Click on picture below to watch :A terrible deal with Iran!A video posted by Donald J. Trump (@realdonaldtrump) on Sep 2, 2015 at 11:11am PDT",1,1,"[['BRAVO', 0, 5]]","[['!', 17, 18], ['!', 76, 77]]",[],[],[],shiao-li,1,1,0,0,0,0,0,0,1
1092,"Did Rahul Gandhi claim Gandhiji’s non-violence was inspired by Islam? Clipped video viral  

https://t.co/XDdQFmC50n",1,0,[],[],[],[],[],shiao-li,0,0,0,0,0,0,0,0,1
1096,@michelleellle ?? shut up freshman its past ur curfew. u need some sleep!! u spend too much of ur time watching tv instead of going outside ??,1,1,[],"[['!!', 72, 74]]",[],[],[],shiao-li,1,0,0,0,0,0,0,0,1
1098,Top link: Reddit's new content policy goes into effect many horrible subreddits banned or quarantined http://t.co/BjVfk1ETe9,1,0,[],[],[],"[['horrible', 60, 68]]",[],shiao-li,0,0,0,1,0,0,0,0,1
1099,@carolinagutierr grande twister!!!,1,0,[],"[['!!!', 31, 34]]",[],[],[],shiao-li,1,0,0,0,0,0,0,0,1
1100,"Dear @HRDMinistry ,
JNU Is Not A House Of Learning; It's Jihadis Naxals Uloom (JNU).

It Would Be An Act Of Betrayal If You Withdraw Fee-Hike Order.

It's Intriguing That Each Jihadi And Urban Naxal In JNU Gets Subsidy To the Tune Of Rs 4 Lakh Every Year. https://t.co/zDC0QqIxpe",1,1,[],[],[],"[['Intriguing', 155, 165]]",[],shiao-li,0,0,0,1,0,0,0,0,1
1103,The cool kids asked me if I wanted to hang out after school so I had a panic attack and had to go to the hospital #autismawareness,1,0,[],[],[],[],[],shiao-li,0,0,0,0,0,0,0,0,1
1105,"Indian media shares videogame footage as US drone strike of #Soleimani killing
#ARYNews
https://t.co/O5Azr4nGaO",1,0,[],[],[],[],[],shiao-li,0,0,0,0,0,0,0,0,1
